Season,Team,Conference,Points For,Points Against,Win,Game,Loss
2021,Illinois,Big Ten,30,22,1,1,0
2021,UCLA,Pac-12,44,10,1,1,0
2021,NC State,ACC,45,0,1,1,0
2021,Utah,Pac-12,40,17,1,1,0
2021,Tennessee,SEC,38,6,1,1,0
2021,Minnesota,Big Ten,31,45,0,1,1
2021,Arizona State,Pac-12,41,14,1,1,0
2021,Virginia Tech,ACC,17,10,1,1,0
2021,Wake Forest,ACC,42,10,1,1,0
2021,Kansas,Big 12,17,14,1,1,0
2021,Colorado,Pac-12,35,7,1,1,0
2021,Northwestern,Big Ten,21,38,0,1,1
2021,Rutgers,Big Ten,61,14,1,1,0
2021,Oklahoma,Big 12,40,35,1,1,0
2021,Kansas State,Big 12,24,7,1,1,0
2021,Kentucky,SEC,45,10,1,1,0
2021,Michigan,Big Ten,47,14,1,1,0
2021,Wisconsin,Big Ten,10,16,0,1,1
2021,Boston College,ACC,51,0,1,1,0
2021,Nebraska,Big Ten,52,7,1,1,0
2021,Arkansas,SEC,38,17,1,1,0
2021,Oregon,Pac-12,31,24,1,1,0
2021,Miami,ACC,13,44,0,1,1
2021,Maryland,Big Ten,30,24,1,1,0
2021,Iowa,Big Ten,34,6,1,1,0
2021,Mississippi State,SEC,35,34,1,1,0
2021,Pittsburgh,ACC,51,7,1,1,0
2021,Missouri,SEC,34,24,1,1,0
2021,Texas,Big 12,38,18,1,1,0
2021,Iowa State,Big 12,16,10,1,1,0
2021,USC,Pac-12,30,7,1,1,0
2021,Oklahoma State,Big 12,23,16,1,1,0
2021,Auburn,SEC,60,10,1,1,0
2021,Purdue,Big Ten,30,21,1,1,0
2021,South Carolina,SEC,46,0,1,1,0
2021,Florida,SEC,35,14,1,1,0
2021,Illinois,Big Ten,30,37,0,1,1
2021,Georgia Tech,ACC,21,22,0,1,1
2021,Virginia,ACC,43,0,1,1,0
2021,Clemson,ACC,3,10,0,1,1
2021,Texas A&M,SEC,41,10,1,1,0
2021,Vanderbilt,SEC,3,23,0,1,1
2021,TCU,Big 12,45,3,1,1,0
2021,Washington,Pac-12,7,13,0,1,1
2021,UCLA,Pac-12,38,27,1,1,0
2021,Arizona,Pac-12,16,24,0,1,1
2021,California,Pac-12,17,22,0,1,1
2021,Washington State,Pac-12,23,26,0,1,1
2021,Florida State,ACC,38,41,0,1,1
2021,Ole Miss,SEC,43,24,1,1,0
2021,Duke,ACC,45,17,1,1,0
2021,Virginia,ACC,42,14,1,1,0
2021,Georgia Tech,ACC,45,17,1,1,0
2021,Michigan State,Big Ten,42,14,1,1,0
2021,Wake Forest,ACC,41,16,1,1,0
2021,Ohio State,Big Ten,28,35,0,1,1
2021,Tennessee,SEC,34,41,0,1,1
2021,Minnesota,Big Ten,31,26,1,1,0
2021,Auburn,SEC,62,0,1,1,0
2021,Oklahoma State,Big 12,28,23,1,1,0
2021,Northwestern,Big Ten,24,6,1,1,0
2021,Syracuse,ACC,7,17,0,1,1
2021,Virginia Tech,ACC,35,14,1,1,0
2021,Georgia,SEC,56,7,1,1,0
2021,Colorado,Pac-12,7,10,0,1,1
2021,Nebraska,Big Ten,28,3,1,1,0
2021,Penn State,Big Ten,44,13,1,1,0
2021,TCU,Big 12,34,32,1,1,0
2021,Alabama,SEC,48,14,1,1,0
2021,Iowa State,Big 12,17,27,0,1,1
2021,Clemson,ACC,49,3,1,1,0
2021,West Virginia,Big 12,66,0,1,1,0
2021,Washington State,Pac-12,44,24,1,1,0
2021,Baylor,Big 12,66,7,1,1,0
2021,Kansas State,Big 12,31,23,1,1,0
2021,Oklahoma,Big 12,76,0,1,1,0
2021,Louisville,ACC,30,3,1,1,0
2021,Texas Tech,Big 12,28,22,1,1,0
2021,Miami,ACC,25,23,1,1,0
2021,Wisconsin,Big Ten,34,7,1,1,0
2021,Arkansas,SEC,40,21,1,1,0
2021,Mississippi State,SEC,24,10,1,1,0
2021,Kentucky,SEC,35,28,1,1,0
2021,North Carolina,ACC,59,17,1,1,0
2021,Ole Miss,SEC,54,17,1,1,0
2021,Indiana,Big Ten,56,14,1,1,0
2021,Maryland,Big Ten,62,0,1,1,0
2021,LSU,SEC,34,7,1,1,0
2021,Florida State,ACC,17,20,0,1,1
2021,Michigan,Big Ten,31,10,1,1,0
2021,Arizona,Pac-12,14,38,0,1,1
2021,USC,Pac-12,28,42,0,1,1
2021,Arizona State,Pac-12,37,10,1,1,0
2021,Oregon State,Pac-12,45,27,1,1,0
2021,Louisville,ACC,42,35,1,1,0
2021,Illinois,Big Ten,17,20,0,1,1
2021,Tennessee,SEC,56,0,1,1,0
2021,Syracuse,ACC,62,24,1,1,0
2021,Miami,ACC,17,38,0,1,1
2021,West Virginia,Big 12,27,21,1,1,0
2021,Missouri,SEC,59,28,1,1,0
2021,Oklahoma,Big 12,23,16,1,1,0
2021,Michigan,Big Ten,63,10,1,1,0
2021,Pittsburgh,ACC,41,44,0,1,1
2021,Indiana,Big Ten,24,38,0,1,1
2021,Texas A&M,SEC,34,0,1,1,0
2021,Kentucky,SEC,28,23,1,1,0
2021,Colorado,Pac-12,0,30,0,1,1
2021,Kansas State,Big 12,38,17,1,1,0
2021,Kansas,Big 12,7,45,0,1,1
2021,Florida,SEC,29,31,0,1,1
2021,Washington State,Pac-12,14,45,0,1,1
2021,Ohio State,Big Ten,41,20,1,1,0
2021,Iowa,Big Ten,30,7,1,1,0
2021,Wake Forest,ACC,35,14,1,1,0
2021,Oregon State,Pac-12,42,0,1,1,0
2021,Clemson,ACC,14,8,1,1,0
2021,Rutgers,Big Ten,45,13,1,1,0
2021,Arkansas,SEC,45,10,1,1,0
2021,Duke,ACC,30,23,1,1,0
2021,California,Pac-12,42,30,1,1,0
2021,Washington,Pac-12,52,3,1,1,0
2021,Georgia,SEC,40,13,1,1,0
2021,Texas Tech,Big 12,54,21,1,1,0
2021,Penn State,Big Ten,28,20,1,1,0
2021,Oregon,Pac-12,48,7,1,1,0
2021,NC State,ACC,45,7,1,1,0
2021,North Carolina,ACC,59,39,1,1,0
2021,LSU,SEC,49,21,1,1,0
2021,Vanderbilt,SEC,23,41,0,1,1
2021,Ole Miss,SEC,61,21,1,1,0
2021,Texas,Big 12,58,0,1,1,0
2021,Arizona,Pac-12,19,21,0,1,1
2021,UCLA,Pac-12,37,40,0,1,1
2021,Virginia,ACC,17,37,0,1,1
2021,Syracuse,ACC,24,21,1,1,0
2021,Vanderbilt,SEC,0,62,0,1,1
2021,Texas,Big 12,70,35,1,1,0
2021,Penn State,Big Ten,38,17,1,1,0
2021,Boston College,ACC,41,34,1,1,0
2021,Virginia Tech,ACC,21,10,1,1,0
2021,Pittsburgh,ACC,77,7,1,1,0
2021,TCU,Big 12,34,42,0,1,1
2021,Northwestern,Big Ten,35,6,1,1,0
2021,Minnesota,Big Ten,10,14,0,1,1
2021,Wisconsin,Big Ten,13,41,0,1,1
2021,Mississippi State,SEC,25,28,0,1,1
2021,Miami,ACC,69,0,1,1,0
2021,Utah,Pac-12,24,13,1,1,0
2021,Michigan,Big Ten,20,13,1,1,0
2021,Baylor,Big 12,31,29,1,1,0
2021,NC State,ACC,27,21,1,1,0
2021,Maryland,Big Ten,37,16,1,1,0
2021,Florida State,ACC,23,31,0,1,1
2021,Arkansas,SEC,20,10,1,1,0
2021,Purdue,Big Ten,13,9,1,1,0
2021,Iowa,Big Ten,24,14,1,1,0
2021,Auburn,SEC,34,24,1,1,0
2021,Duke,ACC,52,33,1,1,0
2021,Stanford,Pac-12,24,35,0,1,1
2021,Florida,SEC,38,14,1,1,0
2021,Oklahoma State,Big 12,31,20,1,1,0
2021,Michigan State,Big Ten,23,20,1,1,0
2021,South Carolina,SEC,10,16,0,1,1
2021,Georgia Tech,ACC,45,22,1,1,0
2021,Oklahoma,Big 12,16,13,1,1,0
2021,Ohio State,Big Ten,59,7,1,1,0
2021,Alabama,SEC,63,14,1,1,0
2021,Washington,Pac-12,31,24,1,1,0
2021,Arizona State,Pac-12,35,13,1,1,0
2021,Oregon,Pac-12,41,19,1,1,0
2021,USC,Pac-12,27,45,0,1,1
2021,Miami,ACC,28,30,0,1,1
2021,Maryland,Big Ten,14,51,0,1,1
2021,Missouri,SEC,24,62,0,1,1
2021,Wisconsin,Big Ten,17,38,0,1,1
2021,TCU,Big 12,27,32,0,1,1
2021,Purdue,Big Ten,13,20,0,1,1
2021,North Carolina,ACC,38,7,1,1,0
2021,Illinois,Big Ten,24,14,1,1,0
2021,Georgia,SEC,37,0,1,1,0
2021,Georgia Tech,ACC,21,52,0,1,1
2021,Wake Forest,ACC,37,34,1,1,0
2021,Colorado,Pac-12,14,37,0,1,1
2021,Rutgers,Big Ten,13,52,0,1,1
2021,Stanford,Pac-12,31,24,1,1,0
2021,West Virginia,Big 12,20,23,0,1,1
2021,Alabama,SEC,42,21,1,1,0
2021,Kansas State,Big 12,31,37,0,1,1
2021,Florida State,ACC,33,30,1,1,0
2021,South Carolina,SEC,23,14,1,1,0
2021,California,Pac-12,6,21,0,1,1
2021,Kentucky,SEC,20,13,1,1,0
2021,NC State,ACC,34,27,1,1,0
2021,Iowa State,Big 12,59,7,1,1,0
2021,Oklahoma State,Big 12,24,14,1,1,0
2021,Texas A&M,SEC,22,26,0,1,1
2021,Nebraska,Big Ten,56,7,1,1,0
2021,Michigan State,Big Ten,48,31,1,1,0
2021,Vanderbilt,SEC,30,28,1,1,0
2021,Clemson,ACC,19,13,1,1,0
2021,Penn State,Big Ten,24,0,1,1,0
2021,Oregon State,Pac-12,27,24,1,1,0
2021,LSU,SEC,19,24,0,1,1
2021,UCLA,Pac-12,23,42,0,1,1
2021,Arizona State,Pac-12,28,10,1,1,0
2021,Ohio State,Big Ten,66,17,1,1,0
2021,Tennessee,SEC,45,20,1,1,0
2021,Rutgers,Big Ten,13,31,0,1,1
2021,Florida,SEC,42,0,1,1,0
2021,Baylor,Big 12,45,20,1,1,0
2021,Texas,Big 12,48,55,0,1,1
2021,Ole Miss,SEC,52,51,1,1,0
2021,Duke,ACC,27,31,0,1,1
2021,Louisville,ACC,33,34,0,1,1
2021,Auburn,SEC,10,34,0,1,1
2021,North Carolina,ACC,25,35,0,1,1
2021,Illinois,Big Ten,0,24,0,1,1
2021,Syracuse,ACC,37,40,0,1,1
2021,Missouri,SEC,48,35,1,1,0
2021,Washington State,Pac-12,31,24,1,1,0
2021,Iowa,Big Ten,23,20,1,1,0
2021,Texas Tech,Big 12,31,52,0,1,1
2021,Virginia Tech,ACC,29,32,0,1,1
2021,Kentucky,SEC,42,21,1,1,0
2021,Nebraska,Big Ten,29,32,0,1,1
2021,Texas A&M,SEC,41,38,1,1,0
2021,USC,Pac-12,26,42,0,1,1
2021,Arizona,Pac-12,16,34,0,1,1
2021,Syracuse,ACC,14,17,0,1,1
2021,Oregon,Pac-12,24,17,1,1,0
2021,Indiana,Big Ten,15,20,0,1,1
2021,Missouri,SEC,14,35,0,1,1
2021,LSU,SEC,49,42,1,1,0
2021,Northwestern,Big Ten,21,7,1,1,0
2021,Arkansas,SEC,23,38,0,1,1
2021,Texas,Big 12,24,32,0,1,1
2021,Minnesota,Big Ten,30,23,1,1,0
2021,Virginia,ACC,48,0,1,1,0
2021,Iowa,Big Ten,7,24,0,1,1
2021,North Carolina,ACC,45,42,1,1,0
2021,Georgia,SEC,30,13,1,1,0
2021,Colorado,Pac-12,34,0,1,1,0
2021,Virginia Tech,ACC,7,28,0,1,1
2021,Baylor,Big 12,38,24,1,1,0
2021,Kansas,Big 12,14,41,0,1,1
2021,South Carolina,SEC,21,20,1,1,0
2021,Mississippi State,SEC,9,49,0,1,1
2021,Boston College,ACC,7,33,0,1,1
2021,Tennessee,SEC,26,31,0,1,1
2021,Kansas State,Big 12,20,33,0,1,1
2021,Oklahoma,Big 12,52,31,1,1,0
2021,Washington State,Pac-12,34,31,1,1,0
2021,Wisconsin,Big Ten,20,14,1,1,0
2021,Washington,Pac-12,17,24,0,1,1
2021,Utah,Pac-12,35,21,1,1,0
2021,Arizona,Pac-12,16,21,0,1,1
2021,Kansas,Big 12,23,35,0,1,1
2021,Texas Tech,Big 12,24,25,0,1,1
2021,Florida State,ACC,59,3,1,1,0
2021,Penn State,Big Ten,18,20,0,1,1
2021,Arkansas,SEC,45,3,1,1,0
2021,Michigan,Big Ten,33,7,1,1,0
2021,Virginia Tech,ACC,36,41,0,1,1
2021,Purdue,Big Ten,13,30,0,1,1
2021,Washington State,Pac-12,19,21,0,1,1
2021,Iowa State,Big 12,24,21,1,1,0
2021,UCLA,Pac-12,31,34,0,1,1
2021,California,Pac-12,26,3,1,1,0
2021,Pittsburgh,ACC,27,17,1,1,0
2021,Minnesota,Big Ten,34,16,1,1,0
2021,Ole Miss,SEC,31,17,1,1,0
2021,Vanderbilt,SEC,6,45,0,1,1
2021,Louisville,ACC,28,14,1,1,0
2021,Alabama,SEC,52,24,1,1,0
2021,Miami,ACC,31,30,1,1,0
2021,Texas A&M,SEC,44,14,1,1,0
2021,Indiana,Big Ten,7,54,0,1,1
2021,Oregon State,Pac-12,42,34,1,1,0
2021,Virginia,ACC,48,40,1,1,0
2021,TCU,Big 12,17,29,0,1,1
2021,Baylor,Big 12,31,24,1,1,0
2021,Pittsburgh,ACC,34,38,0,1,1
2021,Illinois,Big Ten,14,20,0,1,1
2021,Michigan State,Big Ten,37,33,1,1,0
2021,Georgia Tech,ACC,17,26,0,1,1
2021,Maryland,Big Ten,38,35,1,1,0
2021,Wisconsin,Big Ten,27,7,1,1,0
2021,West Virginia,Big 12,38,31,1,1,0
2021,Vanderbilt,SEC,28,37,0,1,1
2021,Arizona State,Pac-12,21,34,0,1,1
2021,Florida,SEC,7,34,0,1,1
2021,Kansas State,Big 12,31,12,1,1,0
2021,Oregon,Pac-12,52,29,1,1,0
2021,Clemson,ACC,30,20,1,1,0
2021,Northwestern,Big Ten,14,41,0,1,1
2021,Nebraska,Big Ten,23,28,0,1,1
2021,Syracuse,ACC,21,6,1,1,0
2021,Oklahoma,Big 12,52,21,1,1,0
2021,Wake Forest,ACC,45,7,1,1,0
2021,USC,Pac-12,41,34,1,1,0
2021,Mississippi State,SEC,31,17,1,1,0
2021,California,Pac-12,39,25,1,1,0
2021,Auburn,SEC,31,20,1,1,0
2021,Oklahoma State,Big 12,55,3,1,1,0
2021,Ohio State,Big Ten,33,24,1,1,0
2021,NC State,ACC,28,13,1,1,0
2021,Utah,Pac-12,44,24,1,1,0
2021,Stanford,Pac-12,13,20,0,1,1
2021,Boston College,ACC,17,3,1,1,0
2021,Stanford,Pac-12,7,52,0,1,1
2021,Kansas,Big 12,10,35,0,1,1
2021,Ole Miss,SEC,27,14,1,1,0
2021,Georgia,SEC,43,6,1,1,0
2021,Nebraska,Big Ten,17,26,0,1,1
2021,North Carolina,ACC,58,55,1,1,0
2021,Minnesota,Big Ten,6,14,0,1,1
2021,Duke,ACC,29,54,0,1,1
2021,Miami,ACC,33,30,1,1,0
2021,Arizona,Pac-12,10,3,1,1,0
2021,Purdue,Big Ten,40,29,1,1,0
2021,Rutgers,Big Ten,3,52,0,1,1
2021,Texas A&M,SEC,20,3,1,1,0
2021,Maryland,Big Ten,14,31,0,1,1
2021,West Virginia,Big 12,3,24,0,1,1
2021,TCU,Big 12,30,28,1,1,0
2021,Florida State,ACC,14,28,0,1,1
2021,Arkansas,SEC,31,28,1,1,0
2021,Kentucky,SEC,42,45,0,1,1
2021,Alabama,SEC,20,14,1,1,0
2021,Colorado,Pac-12,37,34,1,1,0
2021,Northwestern,Big Ten,12,17,0,1,1
2021,Washington,Pac-12,16,26,0,1,1
2021,South Carolina,SEC,40,17,1,1,0
2021,Louisville,ACC,24,30,0,1,1
2021,Iowa State,Big 12,30,7,1,1,0
2021,Michigan,Big Ten,29,7,1,1,0
2021,Arizona State,Pac-12,31,16,1,1,0
2021,Pittsburgh,ACC,30,23,1,1,0
2021,Auburn,SEC,34,43,0,1,1
2021,Alabama,SEC,59,3,1,1,0
2021,Baylor,Big 12,27,14,1,1,0
2021,Wisconsin,Big Ten,35,7,1,1,0
2021,Florida,SEC,70,52,1,1,0
2021,Penn State,Big Ten,17,21,0,1,1
2021,Clemson,ACC,44,7,1,1,0
2021,Louisville,ACC,41,3,1,1,0
2021,Indiana,Big Ten,3,38,0,1,1
2021,Kansas State,Big 12,34,17,1,1,0
2021,Arizona,Pac-12,29,38,0,1,1
2021,Iowa,Big Ten,27,22,1,1,0
2021,Texas Tech,Big 12,41,38,1,1,0
2021,Tennessee,SEC,17,41,0,1,1
2021,Florida State,ACC,31,28,1,1,0
2021,Virginia Tech,ACC,48,17,1,1,0
2021,Ohio State,Big Ten,59,31,1,1,0
2021,Georgia Tech,ACC,30,41,0,1,1
2021,Michigan State,Big Ten,40,21,1,1,0
2021,Missouri,SEC,31,28,1,1,0
2021,Oregon State,Pac-12,35,14,1,1,0
2021,Washington,Pac-12,30,35,0,1,1
2021,Ole Miss,SEC,29,19,1,1,0
2021,Vanderbilt,SEC,17,34,0,1,1
2021,Texas,Big 12,56,57,0,1,1
2021,Wake Forest,ACC,45,42,1,1,0
2021,Virginia,ACC,3,28,0,1,1
2021,LSU,SEC,13,16,0,1,1
2021,Oklahoma State,Big 12,63,17,1,1,0
2021,UCLA,Pac-12,44,20,1,1,0
2021,Oregon,Pac-12,38,24,1,1,0
2021,Duke,ACC,22,62,0,1,1
2021,Washington State,Pac-12,44,18,1,1,0
2021,Ohio State,Big Ten,56,7,1,1,0
2021,Georgia,SEC,56,7,1,1,0
2021,Penn State,Big Ten,28,0,1,1,0
2021,Texas A&M,SEC,52,3,1,1,0
2021,North Carolina,ACC,34,14,1,1,0
2021,Northwestern,Big Ten,14,32,0,1,1
2021,Boston College,ACC,23,26,0,1,1
2021,Mississippi State,SEC,55,10,1,1,0
2021,Clemson,ACC,48,27,1,1,0
2021,Kentucky,SEC,56,16,1,1,0
2021,West Virginia,Big 12,31,23,1,1,0
2021,Oklahoma,Big 12,28,21,1,1,0
2021,Iowa,Big Ten,33,23,1,1,0
2021,Colorado,Pac-12,20,17,1,1,0
2021,Indiana,Big Ten,14,35,0,1,1
2021,Maryland,Big Ten,18,59,0,1,1
2021,Wisconsin,Big Ten,35,28,1,1,0
2021,Alabama,SEC,42,35,1,1,0
2021,Pittsburgh,ACC,48,38,1,1,0
2021,Missouri,SEC,24,23,1,1,0
2021,USC,Pac-12,33,62,0,1,1
2021,NC State,ACC,41,17,1,1,0
2021,TCU,Big 12,31,28,1,1,0
2021,Kansas State,Big 12,10,20,0,1,1
2021,Stanford,Pac-12,11,41,0,1,1
2021,South Carolina,SEC,21,17,1,1,0
2021,Ole Miss,SEC,31,17,1,1,0
2021,Utah,Pac-12,38,7,1,1,0
2021,Tennessee,SEC,60,14,1,1,0
2021,Miami,ACC,38,26,1,1,0
2021,Texas Tech,Big 12,0,23,0,1,1
2021,LSU,SEC,27,14,1,1,0
2021,Oregon State,Pac-12,24,10,1,1,0
2021,Mississippi State,SEC,21,31,0,1,1
2021,Texas,Big 12,22,17,1,1,0
2021,Nebraska,Big Ten,21,28,0,1,1
2021,Arkansas,SEC,34,17,1,1,0
2021,Utah,Pac-12,28,13,1,1,0
2021,Iowa State,Big 12,48,14,1,1,0
2021,NC State,ACC,34,30,1,1,0
2021,Washington,Pac-12,13,40,0,1,1
2021,Michigan,Big Ten,42,27,1,1,0
2021,Florida,SEC,24,21,1,1,0
2021,Georgia Tech,ACC,0,45,0,1,1
2021,Rutgers,Big Ten,16,40,0,1,1
2021,Baylor,Big 12,27,24,1,1,0
2021,Boston College,ACC,10,41,0,1,1
2021,Duke,ACC,10,47,0,1,1
2021,Illinois,Big Ten,47,14,1,1,0
2021,Purdue,Big Ten,44,7,1,1,0
2021,Auburn,SEC,22,24,0,1,1
2021,Michigan State,Big Ten,30,27,1,1,0
2021,Oregon,Pac-12,38,29,1,1,0
2021,Tennessee,SEC,45,21,1,1,0
2021,Virginia,ACC,24,29,0,1,1
2021,Minnesota,Big Ten,23,13,1,1,0
2021,Arizona State,Pac-12,38,15,1,1,0
2021,Kansas,Big 12,28,34,0,1,1
2021,LSU,SEC,27,24,1,1,0
2021,Syracuse,ACC,14,31,0,1,1
2021,Oklahoma State,Big 12,37,33,1,1,0
2021,Louisville,ACC,21,52,0,1,1
2021,South Carolina,SEC,0,30,0,1,1
2021,Stanford,Pac-12,14,45,0,1,1
2021,USC,Pac-12,31,35,0,1,1
2021,UCLA,Pac-12,42,14,1,1,0
2021,Utah,Pac-12,38,10,1,1,0
2021,Oklahoma State,Big 12,16,21,0,1,1
2021,Alabama,SEC,41,24,1,1,0
2021,Iowa,Big Ten,3,42,0,1,1
2021,Wake Forest,ACC,21,45,0,1,1
2021,California,Pac-12,24,14,1,1,0
2021,Nebraska,Big Ten,22,30,0,1,1
2021,Ohio State,Big Ten,45,31,1,1,0
2021,North Carolina,ACC,10,17,0,1,1
2021,Duke,ACC,28,31,0,1,1
2021,Michigan State,Big Ten,38,21,1,1,0
2021,Stanford,Pac-12,7,24,0,1,1
2021,Penn State,Big Ten,16,10,1,1,0
2021,Alabama,SEC,44,13,1,1,0
2021,West Virginia,Big 12,24,30,0,1,1
2021,Indiana,Big Ten,6,34,0,1,1
2021,Syracuse,ACC,29,9,1,1,0
2021,Texas Tech,Big 12,38,21,1,1,0
2021,Oregon State,Pac-12,21,30,0,1,1
2021,Baylor,Big 12,29,20,1,1,0
2021,Georgia,SEC,10,3,1,1,0
2021,LSU,SEC,27,38,0,1,1
2021,Louisville,ACC,24,43,0,1,1
2021,Kansas,Big 12,22,49,0,1,1
2021,Illinois,Big Ten,14,42,0,1,1
2021,South Carolina,SEC,20,17,1,1,0
2021,Oregon,Pac-12,35,28,1,1,0
2021,Pittsburgh,ACC,41,34,1,1,0
2021,Florida,SEC,42,20,1,1,0
2021,Rutgers,Big Ten,17,7,1,1,0
2021,Purdue,Big Ten,49,0,1,1,0
2021,Texas A&M,SEC,10,7,1,1,0
2021,Boston College,ACC,45,28,1,1,0
2021,California,Pac-12,32,34,0,1,1
2021,Iowa,Big Ten,27,17,1,1,0
2021,Texas,Big 12,21,40,0,1,1
2021,NC State,ACC,10,24,0,1,1
2021,Missouri,SEC,28,35,0,1,1
2021,Washington,Pac-12,10,31,0,1,1
2021,Vanderbilt,SEC,24,21,1,1,0
2021,Utah,Pac-12,17,26,0,1,1
2021,Stanford,Pac-12,42,28,1,1,0
2021,Maryland,Big Ten,20,17,1,1,0
2021,Michigan State,Big Ten,38,17,1,1,0
2021,Boston College,ACC,28,3,1,1,0
2021,Virginia Tech,ACC,21,27,0,1,1
2021,Nebraska,Big Ten,16,23,0,1,1
2021,Minnesota,Big Ten,30,0,1,1,0
2021,Purdue,Big Ten,13,27,0,1,1
2021,Baylor,Big 12,45,7,1,1,0
2021,Alabama,SEC,31,29,1,1,0
2021,USC,Pac-12,45,14,1,1,0
2021,Florida State,ACC,14,35,0,1,1
2021,Georgia Tech,ACC,8,14,0,1,1
2021,Northwestern,Big Ten,23,30,0,1,1
2021,Mississippi State,SEC,29,31,0,1,1
2021,South Carolina,SEC,13,40,0,1,1
2021,Utah,Pac-12,31,33,0,1,1
2021,Auburn,SEC,20,28,0,1,1
2021,Virginia,ACC,39,59,0,1,1
2021,Stanford,Pac-12,41,23,1,1,0
2021,Oklahoma State,Big 12,21,20,1,1,0
2021,Arizona State,Pac-12,17,27,0,1,1
2021,Iowa State,Big 12,48,3,1,1,0
2021,Wake Forest,ACC,37,17,1,1,0
2021,Georgia,SEC,62,0,1,1,0
2021,Texas Tech,Big 12,35,70,0,1,1
2021,Missouri,SEC,34,41,0,1,1
2021,LSU,SEC,28,25,1,1,0
2021,Washington State,Pac-12,13,24,0,1,1
2021,Rutgers,Big Ten,13,20,0,1,1
2021,Iowa State,Big 12,29,31,0,1,1
2021,Clemson,ACC,21,27,0,1,1
2021,Louisville,ACC,31,23,1,1,0
2021,Texas A&M,SEC,10,20,0,1,1
2021,Illinois,Big Ten,9,13,0,1,1
2021,Kansas,Big 12,33,52,0,1,1
2021,UCLA,Pac-12,35,24,1,1,0
2021,Tennessee,SEC,14,38,0,1,1
2021,Kansas State,Big 12,20,31,0,1,1
2021,Nebraska,Big Ten,20,23,0,1,1
2021,Kentucky,SEC,16,10,1,1,0
2021,North Carolina,ACC,22,45,0,1,1
2021,West Virginia,Big 12,13,16,0,1,1
2021,Indiana,Big Ten,33,31,1,1,0
2021,California,Pac-12,24,31,0,1,1
2021,Colorado,Pac-12,13,35,0,1,1
2021,Arizona,Pac-12,19,41,0,1,1
2021,Oregon State,Pac-12,45,27,1,1,0
2021,Virginia,ACC,30,28,1,1,0
2021,Iowa,Big Ten,51,14,1,1,0
2021,Tennessee,SEC,62,24,1,1,0
2021,Michigan,Big Ten,38,17,1,1,0
2021,Texas,Big 12,32,27,1,1,0
2021,Minnesota,Big Ten,20,13,1,1,0
2021,Duke,ACC,7,38,0,1,1
2021,Arkansas,SEC,0,37,0,1,1
2021,Pittsburgh,ACC,52,21,1,1,0
2021,Louisville,ACC,34,37,0,1,1
2021,USC,Pac-12,37,14,1,1,0
2021,Ohio State,Big Ten,52,13,1,1,0
2021,Oregon,Pac-12,24,31,0,1,1
2021,Texas Tech,Big 12,23,20,1,1,0
2021,Ole Miss,SEC,21,42,0,1,1
2021,Oklahoma,Big 12,37,31,1,1,0
2021,Syracuse,ACC,30,33,0,1,1
2021,Washington State,Pac-12,21,6,1,1,0
2021,Florida,SEC,13,20,0,1,1
2021,Kansas,Big 12,7,59,0,1,1
2021,Baylor,Big 12,14,24,0,1,1
2021,Mississippi State,SEC,26,22,1,1,0
2021,Northwestern,Big Ten,7,56,0,1,1
2021,Boston College,ACC,13,19,0,1,1
2021,Indiana,Big Ten,0,24,0,1,1
2021,Washington,Pac-12,24,27,0,1,1
2021,Auburn,SEC,24,19,1,1,0
2021,Arizona State,Pac-12,42,23,1,1,0
2021,Stanford,Pac-12,10,28,0,1,1
2021,Maryland,Big Ten,17,66,0,1,1
2021,South Carolina,SEC,20,45,0,1,1
2021,Michigan State,Big Ten,31,13,1,1,0
2021,Vanderbilt,SEC,0,42,0,1,1
2021,West Virginia,Big 12,20,45,0,1,1
2021,Oklahoma,Big 12,55,48,1,1,0
2021,Arkansas,SEC,51,52,0,1,1
2021,Georgia Tech,ACC,31,27,1,1,0
2021,Virginia,ACC,34,33,1,1,0
2021,Georgia,SEC,34,10,1,1,0
2021,Florida State,ACC,35,25,1,1,0
2021,Wisconsin,Big Ten,24,0,1,1,0
2021,Wake Forest,ACC,40,37,1,1,0
2021,Oregon State,Pac-12,24,31,0,1,1
2021,Penn State,Big Ten,20,23,0,1,1
2021,TCU,Big 12,52,31,1,1,0
2021,LSU,SEC,21,42,0,1,1
2021,Michigan,Big Ten,32,29,1,1,0
2021,Alabama,SEC,38,41,0,1,1
2021,Utah,Pac-12,42,26,1,1,0
2021,UCLA,Pac-12,34,16,1,1,0
2021,Clemson,ACC,17,14,1,1,0
2021,California,Pac-12,17,24,0,1,1
2021,Michigan State,Big Ten,20,15,1,1,0
2021,Texas A&M,SEC,35,14,1,1,0
2021,Florida,SEC,42,49,0,1,1
2021,Rutgers,Big Ten,7,21,0,1,1
2021,Auburn,SEC,38,23,1,1,0
2021,Oklahoma State,Big 12,32,24,1,1,0
2021,Nebraska,Big Ten,23,30,0,1,1
2021,Duke,ACC,0,48,0,1,1
2021,Purdue,Big Ten,24,7,1,1,0
2021,Miami,ACC,42,45,0,1,1
2021,Kentucky,SEC,13,30,0,1,1
2021,Arizona,Pac-12,0,34,0,1,1
2021,Pittsburgh,ACC,28,7,1,1,0
2021,Texas Tech,Big 12,41,14,1,1,0
2021,Vanderbilt,SEC,20,21,0,1,1
2021,Alabama,SEC,49,9,1,1,0
2021,NC State,ACC,33,7,1,1,0
2021,Ole Miss,SEC,31,26,1,1,0
2021,Iowa State,Big 12,33,20,1,1,0
2021,TCU,Big 12,31,52,0,1,1
2021,Stanford,Pac-12,31,34,0,1,1
2021,UCLA,Pac-12,24,17,1,1,0
2021,Arizona State,Pac-12,21,35,0,1,1
2021,Washington,Pac-12,21,16,1,1,0
2021,Oklahoma,Big 12,35,23,1,1,0
2021,Kansas State,Big 12,25,24,1,1,0
2021,Wake Forest,ACC,70,56,1,1,0
2021,Illinois,Big Ten,20,18,1,1,0
2021,Northwestern,Big Ten,7,33,0,1,1
2021,Syracuse,ACC,41,36,1,1,0
2021,Wisconsin,Big Ten,30,13,1,1,0
2021,Oklahoma State,Big 12,21,24,0,1,1
2021,Oregon,Pac-12,34,31,1,1,0
2021,Colorado,Pac-12,3,26,0,1,1
2021,Clemson,ACC,17,27,0,1,1
2021,Maryland,Big Ten,16,34,0,1,1
2021,LSU,SEC,17,31,0,1,1
2021,Mississippi State,SEC,45,6,1,1,0
2021,Boston College,ACC,14,28,0,1,1
2021,Tennessee,SEC,24,52,0,1,1
2021,NC State,ACC,30,31,0,1,1
2021,South Carolina,SEC,14,44,0,1,1
2021,Ohio State,Big Ten,54,7,1,1,0
2021,USC,Pac-12,16,31,0,1,1
2021,Utah,Pac-12,34,42,0,1,1
2021,Georgia Tech,ACC,40,48,0,1,1
2021,West Virginia,Big 12,29,17,1,1,0
2021,Texas,Big 12,24,31,0,1,1
2021,Miami,ACC,38,34,1,1,0
2021,Rutgers,Big Ten,20,14,1,1,0
2021,Michigan,Big Ten,33,37,0,1,1
2021,Virginia Tech,ACC,26,17,1,1,0
2021,Indiana,Big Ten,35,38,0,1,1
2021,Iowa,Big Ten,7,27,0,1,1
2021,Iowa State,Big 12,31,38,0,1,1
2021,Missouri,SEC,37,28,1,1,0
2021,Washington State,Pac-12,34,21,1,1,0
2021,Georgia,SEC,34,7,1,1,0
2021,TCU,Big 12,12,31,0,1,1
2021,Colorado,Pac-12,29,52,0,1,1
2021,Florida State,ACC,20,30,0,1,1
2021,Minnesota,Big Ten,41,14,1,1,0
2021,Purdue,Big Ten,28,23,1,1,0
2021,Boston College,ACC,6,21,0,1,1
2021,Texas Tech,Big 12,21,52,0,1,1
2021,Duke,ACC,7,45,0,1,1
2021,Arizona,Pac-12,34,41,0,1,1
2021,Kentucky,SEC,17,31,0,1,1
2021,Oregon State,Pac-12,25,39,0,1,1
2021,Ole Miss,SEC,20,31,0,1,1
2021,Kansas,Big 12,3,55,0,1,1
2021,Penn State,Big Ten,24,33,0,1,1
2021,Louisville,ACC,13,28,0,1,1
2021,North Carolina,ACC,34,44,0,1,1
2021,UCLA,Pac-12,24,44,0,1,1
2021,Virginia,ACC,49,66,0,1,1
2021,Washington,Pac-12,20,13,1,1,0
2021,Virginia Tech,ACC,3,17,0,1,1
2021,Utah,Pac-12,52,7,1,1,0
2021,Kansas State,Big 12,35,10,1,1,0
2021,Missouri,SEC,6,43,0,1,1
2021,Ohio State,Big Ten,26,17,1,1,0
2021,Wake Forest,ACC,55,58,0,1,1
2021,Illinois,Big Ten,14,6,1,1,0
2021,Pittsburgh,ACC,54,29,1,1,0
2021,Georgia Tech,ACC,30,33,0,1,1
2021,California,Pac-12,3,10,0,1,1
2021,Michigan State,Big Ten,29,40,0,1,1
2021,Wisconsin,Big Ten,52,3,1,1,0
2021,Auburn,SEC,3,20,0,1,1
2021,Penn State,Big Ten,31,14,1,1,0
2021,Oklahoma State,Big 12,24,3,1,1,0
2021,Baylor,Big 12,28,30,0,1,1
2021,NC State,ACC,28,14,1,1,0
2021,Mississippi State,SEC,28,31,0,1,1
2021,Tennessee,SEC,45,42,1,1,0
2021,LSU,SEC,14,20,0,1,1
2021,Oregon State,Pac-12,34,37,0,1,1
2021,Iowa,Big Ten,17,12,1,1,0
2021,Oregon,Pac-12,26,16,1,1,0
2021,Florida,SEC,17,40,0,1,1
2021,Clemson,ACC,30,24,1,1,0
2021,Texas,Big 12,7,30,0,1,1
2021,Indiana,Big Ten,7,29,0,1,1
2021,USC,Pac-12,16,31,0,1,1
2021,North Carolina,ACC,23,30,0,1,1
2021,Mississippi State,SEC,43,34,1,1,0
2021,Oklahoma,Big 12,14,27,0,1,1
2021,Northwestern,Big Ten,7,35,0,1,1
2021,Michigan,Big Ten,21,17,1,1,0
2021,Syracuse,ACC,3,41,0,1,1
2021,Rutgers,Big Ten,38,3,1,1,0
2021,West Virginia,Big 12,17,34,0,1,1
2021,Utah,Pac-12,38,29,1,1,0
2021,Minnesota,Big Ten,22,27,0,1,1
2021,Iowa State,Big 12,38,41,0,1,1
2021,Georgia,SEC,41,17,1,1,0
2021,Miami,ACC,28,31,0,1,1
2021,Duke,ACC,17,48,0,1,1
2021,Purdue,Big Ten,31,59,0,1,1
2021,Boston College,ACC,41,30,1,1,0
2021,Maryland,Big Ten,21,40,0,1,1
2021,South Carolina,SEC,28,31,0,1,1
2021,Stanford,Pac-12,14,35,0,1,1
2021,Arizona State,Pac-12,35,30,1,1,0
2021,Texas A&M,SEC,19,29,0,1,1
2021,Kentucky,SEC,34,17,1,1,0
2021,Kansas,Big 12,57,56,1,1,0
2021,NC State,ACC,42,45,0,1,1
2021,Arkansas,SEC,16,13,1,1,0
2021,TCU,Big 12,17,63,0,1,1
2021,Colorado,Pac-12,20,44,0,1,1
2021,Washington State,Pac-12,24,38,0,1,1
2021,Louisville,ACC,62,22,1,1,0
2021,Arizona,Pac-12,18,44,0,1,1
2021,Michigan State,Big Ten,7,56,0,1,1
2021,Rutgers,Big Ten,0,28,0,1,1
2021,Purdue,Big Ten,32,14,1,1,0
2021,Florida State,ACC,26,23,1,1,0
2021,Wake Forest,ACC,27,48,0,1,1
2021,Texas,Big 12,23,31,0,1,1
2021,Iowa State,Big 12,21,28,0,1,1
2021,Illinois,Big Ten,23,33,0,1,1
2021,Georgia Tech,ACC,0,55,0,1,1
2021,Washington,Pac-12,17,20,0,1,1
2021,Minnesota,Big Ten,35,14,1,1,0
2021,Michigan,Big Ten,59,18,1,1,0
2021,Nebraska,Big Ten,28,35,0,1,1
2021,Arkansas,SEC,35,42,0,1,1
2021,Virginia,ACC,38,48,0,1,1
2021,Florida,SEC,23,24,0,1,1
2021,UCLA,Pac-12,62,33,1,1,0
2021,Syracuse,ACC,17,41,0,1,1
2021,Kansas,Big 12,28,31,0,1,1
2021,Baylor,Big 12,20,10,1,1,0
2021,California,Pac-12,41,11,1,1,0
2021,Auburn,SEC,17,21,0,1,1
2021,Vanderbilt,SEC,17,31,0,1,1
2021,Oregon,Pac-12,7,38,0,1,1
2021,Virginia Tech,ACC,26,38,0,1,1
2021,Oklahoma State,Big 12,23,0,1,1,0
2021,Arizona State,Pac-12,10,24,0,1,1
2021,Ole Miss,SEC,31,21,1,1,0
2021,Kansas State,Big 12,17,22,0,1,1
2021,Iowa,Big Ten,28,21,1,1,0
2021,Missouri,SEC,17,34,0,1,1
2021,Colorado,Pac-12,13,28,0,1,1
2021,TCU,Big 12,14,48,0,1,1
2021,North Carolina,ACC,30,34,0,1,1
2021,Washington State,Pac-12,40,13,1,1,0
2021,Ohio State,Big Ten,27,42,0,1,1
2021,Florida State,ACC,21,24,0,1,1
2021,Georgia,SEC,45,0,1,1,0
2021,Maryland,Big Ten,40,16,1,1,0
2021,Texas Tech,Big 12,24,27,0,1,1
2021,Wake Forest,ACC,41,10,1,1,0
2021,Miami,ACC,47,10,1,1,0
2021,Northwestern,Big Ten,14,47,0,1,1
2021,Indiana,Big Ten,7,44,0,1,1
2021,Alabama,SEC,24,22,1,1,0
2021,Penn State,Big Ten,27,30,0,1,1
2021,Oregon State,Pac-12,29,38,0,1,1
2021,Vanderbilt,SEC,21,45,0,1,1
2021,Virginia Tech,ACC,29,24,1,1,0
2021,Wisconsin,Big Ten,13,23,0,1,1
2021,Arizona,Pac-12,15,38,0,1,1
2021,West Virginia,Big 12,34,28,1,1,0
2021,Texas A&M,SEC,24,27,0,1,1
2021,Pittsburgh,ACC,31,14,1,1,0
2021,Oklahoma,Big 12,33,37,0,1,1
2021,Kentucky,SEC,52,21,1,1,0
2021,Clemson,ACC,30,0,1,1,0
2021,California,Pac-12,14,42,0,1,1
2021,Oregon,Pac-12,10,38,0,1,1
2021,Baylor,Big 12,21,16,1,1,0
2021,Georgia,SEC,24,41,0,1,1
2021,Michigan,Big Ten,42,3,1,1,0
2021,Pittsburgh,ACC,45,21,1,1,0
2021,USC,Pac-12,14,24,0,1,1
2022,Northwestern,Big Ten,31,28,1,1,0
2022,Illinois,Big Ten,38,6,1,1,0
2022,Florida State,ACC,47,7,1,1,0
2022,North Carolina,ACC,56,24,1,1,0
2022,Tennessee,SEC,59,10,1,1,0
2022,Oklahoma State,Big 12,58,44,1,1,0
2022,Pittsburgh,ACC,38,31,1,1,0
2022,Wake Forest,ACC,44,10,1,1,0
2022,Missouri,SEC,52,24,1,1,0
2022,Purdue,Big Ten,31,35,0,1,1
2022,Minnesota,Big Ten,38,0,1,1,0
2022,Arizona State,Pac-12,40,3,1,1,0
2022,Michigan State,Big Ten,35,13,1,1,0
2022,Duke,ACC,30,0,1,1,0
2022,Indiana,Big Ten,23,20,1,1,0
2022,Kansas,Big 12,56,10,1,1,0
2022,Colorado,Pac-12,13,38,0,1,1
2022,Texas A&M,SEC,31,0,1,1,0
2022,Iowa,Big Ten,7,3,1,1,0
2022,Michigan,Big Ten,51,7,1,1,0
2022,Boston College,ACC,21,22,0,1,1
2022,Maryland,Big Ten,31,10,1,1,0
2022,Virginia,ACC,34,17,1,1,0
2022,Iowa State,Big 12,42,10,1,1,0
2022,UCLA,Pac-12,45,17,1,1,0
2022,Miami,ACC,70,13,1,1,0
2022,Arkansas,SEC,31,24,1,1,0
2022,Georgia,SEC,49,3,1,1,0
2022,Oklahoma,Big 12,45,13,1,1,0
2022,Nebraska,Big Ten,38,17,1,1,0
2022,California,Pac-12,34,13,1,1,0
2022,Ole Miss,SEC,28,10,1,1,0
2022,USC,Pac-12,66,14,1,1,0
2022,Baylor,Big 12,69,10,1,1,0
2022,Kentucky,SEC,37,13,1,1,0
2022,Auburn,SEC,42,16,1,1,0
2022,Vanderbilt,SEC,42,31,1,1,0
2022,Kansas State,Big 12,34,0,1,1,0
2022,Florida,SEC,29,26,1,1,0
2022,Wisconsin,Big Ten,38,0,1,1,0
2022,Ohio State,Big Ten,21,10,1,1,0
2022,Alabama,SEC,55,0,1,1,0
2022,Mississippi State,SEC,49,23,1,1,0
2022,South Carolina,SEC,35,14,1,1,0
2022,Texas Tech,Big 12,63,10,1,1,0
2022,Stanford,Pac-12,41,10,1,1,0
2022,Syracuse,ACC,31,7,1,1,0
2022,Texas,Big 12,52,10,1,1,0
2022,Washington State,Pac-12,24,17,1,1,0
2022,Oregon State,Pac-12,34,17,1,1,0
2022,Washington,Pac-12,45,20,1,1,0
2022,Florida State,ACC,24,23,1,1,0
2022,Georgia Tech,ACC,10,41,0,1,1
2022,Arkansas,SEC,44,30,1,1,0
2022,Northwestern,Big Ten,23,31,0,1,1
2022,Minnesota,Big Ten,62,10,1,1,0
2022,Texas,Big 12,19,20,0,1,1
2022,Ohio State,Big Ten,45,12,1,1,0
2022,Penn State,Big Ten,46,10,1,1,0
2022,Kansas State,Big 12,40,12,1,1,0
2022,Vanderbilt,SEC,25,45,0,1,1
2022,Miami,ACC,30,7,1,1,0
2022,NC State,ACC,55,3,1,1,0
2022,Utah,Pac-12,73,7,1,1,0
2022,Texas A&M,SEC,14,17,0,1,1
2022,Pittsburgh,ACC,27,34,0,1,1
2022,Wisconsin,Big Ten,14,17,0,1,1
2022,Clemson,ACC,35,12,1,1,0
2022,Michigan State,Big Ten,52,0,1,1,0
2022,Iowa,Big Ten,7,10,0,1,1
2022,Illinois,Big Ten,24,3,1,1,0
2022,Georgia,SEC,33,0,1,1,0
2022,Washington,Pac-12,52,6,1,1,0
2022,Texas Tech,Big 12,33,30,1,1,0
2022,California,Pac-12,20,14,1,1,0
2022,Purdue,Big Ten,56,0,1,1,0
2022,Rutgers,Big Ten,66,7,1,1,0
2022,UCLA,Pac-12,45,7,1,1,0
2022,West Virginia,Big 12,42,55,0,1,1
2022,Ole Miss,SEC,59,3,1,1,0
2022,Oklahoma,Big 12,33,3,1,1,0
2022,Florida,SEC,16,26,0,1,1
2022,Georgia Tech,ACC,35,17,1,1,0
2022,Oklahoma State,Big 12,34,17,1,1,0
2022,Auburn,SEC,24,16,1,1,0
2022,LSU,SEC,65,17,1,1,0
2022,Stanford,Pac-12,28,41,0,1,1
2022,Nebraska,Big Ten,42,45,0,1,1
2022,TCU,Big 12,59,17,1,1,0
2022,Virginia Tech,ACC,27,10,1,1,0
2022,Indiana,Big Ten,35,22,1,1,0
2022,Michigan,Big Ten,56,10,1,1,0
2022,Oregon,Pac-12,70,14,1,1,0
2022,Arizona,Pac-12,17,39,0,1,1
2022,Louisville,ACC,31,35,0,1,1
2022,Virginia Tech,ACC,27,7,1,1,0
2022,South Carolina,SEC,7,48,0,1,1
2022,Missouri,SEC,34,17,1,1,0
2022,Indiana,Big Ten,33,30,1,1,0
2022,Northwestern,Big Ten,24,31,0,1,1
2022,Michigan,Big Ten,59,0,1,1,0
2022,Baylor,Big 12,42,7,1,1,0
2022,Nebraska,Big Ten,14,49,0,1,1
2022,Kentucky,SEC,31,0,1,1,0
2022,Syracuse,ACC,32,29,1,1,0
2022,West Virginia,Big 12,65,7,1,1,0
2022,Iowa State,Big 12,43,10,1,1,0
2022,UCLA,Pac-12,32,31,1,1,0
2022,Virginia,ACC,16,14,1,1,0
2022,Kansas State,Big 12,10,17,0,1,1
2022,Auburn,SEC,12,41,0,1,1
2022,Minnesota,Big Ten,49,7,1,1,0
2022,Wisconsin,Big Ten,66,7,1,1,0
2022,Oregon,Pac-12,41,20,1,1,0
2022,Georgia Tech,ACC,0,42,0,1,1
2022,Alabama,SEC,63,7,1,1,0
2022,Wake Forest,ACC,37,36,1,1,0
2022,Washington State,Pac-12,38,7,1,1,0
2022,LSU,SEC,31,16,1,1,0
2022,Duke,ACC,49,20,1,1,0
2022,Oklahoma State,Big 12,63,7,1,1,0
2022,Arkansas,SEC,38,27,1,1,0
2022,Ohio State,Big Ten,77,21,1,1,0
2022,Tennessee,SEC,63,6,1,1,0
2022,NC State,ACC,27,14,1,1,0
2022,Iowa,Big Ten,27,0,1,1,0
2022,Boston College,ACC,38,17,1,1,0
2022,Florida,SEC,31,28,1,1,0
2022,Washington,Pac-12,39,28,1,1,0
2022,Maryland,Big Ten,34,27,1,1,0
2022,Texas,Big 12,41,20,1,1,0
2022,Clemson,ACC,48,20,1,1,0
2022,Oregon State,Pac-12,68,28,1,1,0
2022,Texas A&M,SEC,17,9,1,1,0
2022,Utah,Pac-12,35,7,1,1,0
2022,USC,Pac-12,45,17,1,1,0
2022,Arizona State,Pac-12,21,30,0,1,1
2022,Arizona,Pac-12,31,28,1,1,0
2022,Virginia Tech,ACC,10,33,0,1,1
2022,Illinois,Big Ten,31,0,1,1,0
2022,Syracuse,ACC,22,20,1,1,0
2022,Mississippi State,SEC,45,14,1,1,0
2022,Auburn,SEC,17,14,1,1,0
2022,Michigan,Big Ten,34,27,1,1,0
2022,Kansas,Big 12,35,27,1,1,0
2022,Iowa State,Big 12,24,31,0,1,1
2022,Penn State,Big Ten,33,14,1,1,0
2022,Louisville,ACC,41,3,1,1,0
2022,Georgia,SEC,39,22,1,1,0
2022,Pittsburgh,ACC,45,24,1,1,0
2022,Wake Forest,ACC,45,51,0,1,1
2022,Colorado,Pac-12,17,45,0,1,1
2022,North Carolina,ACC,32,45,0,1,1
2022,Miami,ACC,31,45,0,1,1
2022,Michigan State,Big Ten,7,34,0,1,1
2022,Tennessee,SEC,38,33,1,1,0
2022,Texas Tech,Big 12,37,34,1,1,0
2022,Washington State,Pac-12,41,44,0,1,1
2022,Ole Miss,SEC,35,27,1,1,0
2022,California,Pac-12,49,31,1,1,0
2022,Rutgers,Big Ten,10,27,0,1,1
2022,Texas A&M,SEC,23,21,1,1,0
2022,Kentucky,SEC,31,23,1,1,0
2022,NC State,ACC,41,10,1,1,0
2022,South Carolina,SEC,56,20,1,1,0
2022,Northwestern,Big Ten,14,17,0,1,1
2022,Ohio State,Big Ten,52,21,1,1,0
2022,Purdue,Big Ten,28,26,1,1,0
2022,LSU,SEC,38,0,1,1,0
2022,Alabama,SEC,55,3,1,1,0
2022,Florida State,ACC,44,14,1,1,0
2022,Oklahoma,Big 12,34,41,0,1,1
2022,Oregon State,Pac-12,14,17,0,1,1
2022,Arizona State,Pac-12,13,34,0,1,1
2022,Washington,Pac-12,40,22,1,1,0
2022,South Carolina,SEC,50,10,1,1,0
2022,UCLA,Pac-12,40,32,1,1,0
2022,Wisconsin,Big Ten,10,34,0,1,1
2022,Ole Miss,SEC,22,19,1,1,0
2022,Boston College,ACC,34,33,1,1,0
2022,Kansas State,Big 12,37,28,1,1,0
2022,Iowa,Big Ten,14,27,0,1,1
2022,TCU,Big 12,55,24,1,1,0
2022,Minnesota,Big Ten,10,20,0,1,1
2022,Utah,Pac-12,42,16,1,1,0
2022,Ohio State,Big Ten,49,10,1,1,0
2022,Kansas,Big 12,14,11,1,1,0
2022,Arkansas,SEC,26,49,0,1,1
2022,Maryland,Big Ten,27,13,1,1,0
2022,Florida State,ACC,21,31,0,1,1
2022,Baylor,Big 12,25,36,0,1,1
2022,Penn State,Big Ten,17,7,1,1,0
2022,North Carolina,ACC,41,10,1,1,0
2022,Mississippi State,SEC,42,24,1,1,0
2022,Syracuse,ACC,59,0,1,1,0
2022,Washington State,Pac-12,28,9,1,1,0
2022,Auburn,SEC,17,21,0,1,1
2022,Duke,ACC,38,17,1,1,0
2022,Missouri,SEC,22,26,0,1,1
2022,Nebraska,Big Ten,35,21,1,1,0
2022,Texas,Big 12,38,20,1,1,0
2022,Clemson,ACC,30,20,1,1,0
2022,Pittsburgh,ACC,21,26,0,1,1
2022,Arizona,Pac-12,43,20,1,1,0
2022,USC,Pac-12,42,25,1,1,0
2022,Oregon,Pac-12,45,27,1,1,0
2022,Florida,SEC,52,17,1,1,0
2022,Rutgers,Big Ten,13,14,0,1,1
2022,Virginia,ACC,17,34,0,1,1
2022,Maryland,Big Ten,29,31,0,1,1
2022,Florida,SEC,24,17,1,1,0
2022,LSU,SEC,13,40,0,1,1
2022,Mississippi State,SEC,40,17,1,1,0
2022,Oklahoma,Big 12,0,49,0,1,1
2022,Kansas,Big 12,31,38,0,1,1
2022,Indiana,Big Ten,10,31,0,1,1
2022,Oklahoma State,Big 12,41,31,1,1,0
2022,Georgia,SEC,42,10,1,1,0
2022,UCLA,Pac-12,42,32,1,1,0
2022,Pittsburgh,ACC,45,29,1,1,0
2022,Northwestern,Big Ten,7,42,0,1,1
2022,Miami,ACC,24,27,0,1,1
2022,Vanderbilt,SEC,28,52,0,1,1
2022,Michigan State,Big Ten,20,49,0,1,1
2022,Georgia Tech,ACC,23,20,1,1,0
2022,Arizona State,Pac-12,45,38,1,1,0
2022,USC,Pac-12,30,14,1,1,0
2022,Wake Forest,ACC,45,10,1,1,0
2022,Iowa State,Big 12,9,10,0,1,1
2022,Illinois,Big Ten,9,6,1,1,0
2022,Boston College,ACC,3,31,0,1,1
2022,Kentucky,SEC,14,24,0,1,1
2022,NC State,ACC,19,17,1,1,0
2022,Alabama,SEC,24,20,1,1,0
2022,Arizona,Pac-12,22,49,0,1,1
2022,Stanford,Pac-12,27,28,0,1,1
2022,West Virginia,Big 12,43,40,1,1,0
2022,Texas,Big 12,24,21,1,1,0
2022,Illinois,Big Ten,26,14,1,1,0
2022,Ole Miss,SEC,48,34,1,1,0
2022,Michigan,Big Ten,41,17,1,1,0
2022,Oklahoma,Big 12,52,42,1,1,0
2022,Virginia Tech,ACC,14,20,0,1,1
2022,Colorado,Pac-12,20,13,1,1,0
2022,Georgia,SEC,55,0,1,1,0
2022,Tennessee,SEC,52,49,1,1,0
2022,Syracuse,ACC,24,9,1,1,0
2022,TCU,Big 12,43,40,1,1,0
2022,Indiana,Big Ten,33,38,0,1,1
2022,Michigan State,Big Ten,34,28,1,1,0
2022,Washington,Pac-12,49,39,1,1,0
2022,Florida,SEC,35,45,0,1,1
2022,Florida State,ACC,28,34,0,1,1
2022,Kentucky,SEC,27,17,1,1,0
2022,Purdue,Big Ten,43,37,1,1,0
2022,Utah,Pac-12,43,42,1,1,0
2022,Duke,ACC,35,38,0,1,1
2022,Oregon State,Pac-12,24,10,1,1,0
2022,Georgia Tech,ACC,9,16,0,1,1
2022,Clemson,ACC,27,21,1,1,0
2022,Tennessee,SEC,65,24,1,1,0
2022,Baylor,Big 12,35,23,1,1,0
2022,Ohio State,Big Ten,54,10,1,1,0
2022,Rutgers,Big Ten,24,17,1,1,0
2022,Miami,ACC,21,45,0,1,1
2022,Texas Tech,Big 12,48,10,1,1,0
2022,Oklahoma State,Big 12,41,34,1,1,0
2022,LSU,SEC,45,20,1,1,0
2022,Oregon,Pac-12,45,30,1,1,0
2022,Maryland,Big Ten,31,24,1,1,0
2022,Wake Forest,ACC,43,15,1,1,0
2022,Wisconsin,Big Ten,35,24,1,1,0
2022,Stanford,Pac-12,15,14,1,1,0
2022,Missouri,SEC,17,14,1,1,0
2022,Alabama,SEC,30,6,1,1,0
2022,Penn State,Big Ten,45,17,1,1,0
2022,South Carolina,SEC,30,24,1,1,0
2022,Louisville,ACC,24,10,1,1,0
2022,TCU,Big 12,38,28,1,1,0
2022,Oregon State,Pac-12,42,9,1,1,0
2022,California,Pac-12,21,28,0,1,1
2022,NC State,ACC,22,21,1,1,0
2022,Washington State,Pac-12,17,21,0,1,1
2022,Florida State,ACC,41,16,1,1,0
2022,West Virginia,Big 12,31,41,0,1,1
2022,Auburn,SEC,27,41,0,1,1
2022,Syracuse,ACC,24,41,0,1,1
2022,Penn State,Big Ten,31,44,0,1,1
2022,Iowa State,Big 12,13,27,0,1,1
2022,Virginia,ACC,12,14,0,1,1
2022,Minnesota,Big Ten,31,0,1,1,0
2022,Kansas State,Big 12,48,0,1,1,0
2022,Nebraska,Big Ten,9,26,0,1,1
2022,Georgia,SEC,42,20,1,1,0
2022,California,Pac-12,24,42,0,1,1
2022,Louisville,ACC,48,21,1,1,0
2022,Iowa,Big Ten,33,13,1,1,0
2022,South Carolina,SEC,10,23,0,1,1
2022,Tennessee,SEC,44,6,1,1,0
2022,Arizona,Pac-12,37,45,0,1,1
2022,Texas A&M,SEC,28,31,0,1,1
2022,Colorado,Pac-12,34,42,0,1,1
2022,Texas Tech,Big 12,17,45,0,1,1
2022,Michigan,Big Ten,29,7,1,1,0
2022,North Carolina,ACC,42,24,1,1,0
2022,UCLA,Pac-12,38,13,1,1,0
2022,Boston College,ACC,31,38,0,1,1
2022,Washington,Pac-12,24,21,1,1,0
2022,Virginia,ACC,28,31,0,1,1
2022,Purdue,Big Ten,3,24,0,1,1
2022,Northwestern,Big Ten,7,21,0,1,1
2022,Nebraska,Big Ten,13,20,0,1,1
2022,Wisconsin,Big Ten,23,10,1,1,0
2022,Texas A&M,SEC,24,41,0,1,1
2022,Missouri,SEC,17,21,0,1,1
2022,TCU,Big 12,34,24,1,1,0
2022,Virginia Tech,ACC,27,28,0,1,1
2022,Oklahoma,Big 12,35,38,0,1,1
2022,Pittsburgh,ACC,19,9,1,1,0
2022,Indiana,Big Ten,14,45,0,1,1
2022,Kansas,Big 12,37,16,1,1,0
2022,Iowa State,Big 12,31,14,1,1,0
2022,Stanford,Pac-12,14,52,0,1,1
2022,Colorado,Pac-12,10,49,0,1,1
2022,Georgia,SEC,27,13,1,1,0
2022,Illinois,Big Ten,15,23,0,1,1
2022,Arkansas,SEC,19,21,0,1,1
2022,Kansas State,Big 12,27,34,0,1,1
2022,LSU,SEC,32,31,1,1,0
2022,Miami,ACC,3,45,0,1,1
2022,Vanderbilt,SEC,27,38,0,1,1
2022,Utah,Pac-12,45,20,1,1,0
2022,Rutgers,Big Ten,17,52,0,1,1
2022,Mississippi State,SEC,39,33,1,1,0
2022,Louisville,ACC,34,10,1,1,0
2022,NC State,ACC,30,21,1,1,0
2022,USC,Pac-12,41,35,1,1,0
2022,Arizona State,Pac-12,36,50,0,1,1
2022,USC,Pac-12,55,17,1,1,0
2022,Michigan State,Big Ten,27,21,1,1,0
2022,Ohio State,Big Ten,56,14,1,1,0
2022,Duke,ACC,24,7,1,1,0
2022,Illinois,Big Ten,24,31,0,1,1
2022,Tennessee,SEC,66,24,1,1,0
2022,Kentucky,SEC,21,24,0,1,1
2022,West Virginia,Big 12,23,20,1,1,0
2022,Virginia,ACC,7,37,0,1,1
2022,Arkansas,SEC,10,13,0,1,1
2022,Michigan,Big Ten,34,3,1,1,0
2022,Washington State,Pac-12,28,18,1,1,0
2022,Ole Miss,SEC,24,30,0,1,1
2022,Clemson,ACC,31,16,1,1,0
2022,Penn State,Big Ten,30,0,1,1,0
2022,Minnesota,Big Ten,31,3,1,1,0
2022,Oklahoma State,Big 12,20,14,1,1,0
2022,NC State,ACC,20,21,0,1,1
2022,Georgia Tech,ACC,14,35,0,1,1
2022,Iowa,Big Ten,24,10,1,1,0
2022,Florida,SEC,38,6,1,1,0
2022,Texas Tech,Big 12,43,28,1,1,0
2022,Baylor,Big 12,3,31,0,1,1
2022,Oregon,Pac-12,34,37,0,1,1
2022,Mississippi State,SEC,19,45,0,1,1
2022,Wake Forest,ACC,34,36,0,1,1
2022,Auburn,SEC,13,10,1,1,0
2022,Texas,Big 12,10,17,0,1,1
2022,Syracuse,ACC,3,38,0,1,1
2022,Oregon State,Pac-12,38,10,1,1,0
2022,Utah,Pac-12,42,7,1,1,0
2022,UCLA,Pac-12,28,34,0,1,1
2022,Pittsburgh,ACC,28,26,1,1,0
2022,Michigan,Big Ten,19,17,1,1,0
2022,Florida State,ACC,49,17,1,1,0
2022,Purdue,Big Ten,17,9,1,1,0
2022,Baylor,Big 12,28,29,0,1,1
2022,Michigan State,Big Ten,31,39,0,1,1
2022,Nebraska,Big Ten,14,15,0,1,1
2022,Texas A&M,SEC,20,3,1,1,0
2022,Alabama,SEC,34,0,1,1,0
2022,Mississippi State,SEC,56,7,1,1,0
2022,Vanderbilt,SEC,31,24,1,1,0
2022,West Virginia,Big 12,31,48,0,1,1
2022,Arizona,Pac-12,20,31,0,1,1
2022,Arizona State,Pac-12,7,31,0,1,1
2022,Maryland,Big Ten,30,43,0,1,1
2022,Kansas,Big 12,14,55,0,1,1
2022,Kentucky,SEC,6,16,0,1,1
2022,Rutgers,Big Ten,10,55,0,1,1
2022,Clemson,ACC,40,10,1,1,0
2022,Louisville,ACC,25,10,1,1,0
2022,Minnesota,Big Ten,10,13,0,1,1
2022,Auburn,SEC,41,17,1,1,0
2022,California,Pac-12,27,20,1,1,0
2022,North Carolina,ACC,17,21,0,1,1
2022,South Carolina,SEC,63,38,1,1,0
2022,Iowa State,Big 12,10,14,0,1,1
2022,Arkansas,SEC,42,27,1,1,0
2022,Oklahoma,Big 12,28,13,1,1,0
2022,Missouri,SEC,45,14,1,1,0
2022,UCLA,Pac-12,45,48,0,1,1
2022,Wake Forest,ACC,45,35,1,1,0
2022,Washington,Pac-12,54,7,1,1,0
2022,LSU,SEC,41,10,1,1,0
2022,Oregon,Pac-12,20,17,1,1,0
2022,Ole Miss,SEC,22,24,0,1,1
2022,Texas,Big 12,38,27,1,1,0
2022,Arizona,Pac-12,38,35,1,1,0
2022,Missouri,SEC,29,27,1,1,0
2022,North Carolina,ACC,27,30,0,1,1
2022,Iowa,Big Ten,17,24,0,1,1
2022,California,Pac-12,28,35,0,1,1
2022,Florida State,ACC,45,38,1,1,0
2022,Oklahoma State,Big 12,19,24,0,1,1
2022,Clemson,ACC,30,31,0,1,1
2022,Georgia,SEC,37,14,1,1,0
2022,Maryland,Big Ten,37,0,1,1,0
2022,Ohio State,Big Ten,23,45,0,1,1
2022,Kentucky,SEC,26,13,1,1,0
2022,Alabama,SEC,49,27,1,1,0
2022,Wisconsin,Big Ten,16,23,0,1,1
2022,Oregon State,Pac-12,38,34,1,1,0
2022,Northwestern,Big Ten,3,41,0,1,1
2022,Indiana,Big Ten,16,30,0,1,1
2022,Duke,ACC,34,31,1,1,0
2022,Penn State,Big Ten,35,16,1,1,0
2022,TCU,Big 12,62,14,1,1,0
2022,Colorado,Pac-12,21,63,0,1,1
2022,Texas A&M,SEC,38,23,1,1,0
2022,USC,Pac-12,38,27,1,1,0
2022,Vanderbilt,SEC,0,56,0,1,1
2022,Boston College,ACC,23,32,0,1,1
2022,Texas Tech,Big 12,51,48,1,1,0
2022,Kansas State,Big 12,47,27,1,1,0
2022,Miami,ACC,16,42,0,1,1
2022,Washington State,Pac-12,33,51,0,1,1
2022,Stanford,Pac-12,26,35,0,1,1
2022,USC,Pac-12,24,47,0,1,1
2022,TCU,Big 12,28,31,0,1,1
2022,Georgia,SEC,50,30,1,1,0
2022,North Carolina,ACC,10,39,0,1,1
2022,Michigan,Big Ten,43,22,1,1,0
2022,Nebraska,Big Ten,28,31,0,1,1
2022,Vanderbilt,SEC,63,10,1,1,0
2022,West Virginia,Big 12,31,38,0,1,1
2022,Penn State,Big Ten,35,31,1,1,0
2022,Virginia Tech,ACC,17,20,0,1,1
2022,Illinois,Big Ten,20,23,0,1,1
2022,TCU,Big 12,38,13,1,1,0
2022,NC State,ACC,21,20,1,1,0
2022,North Carolina,ACC,63,61,1,1,0
2022,Rutgers,Big Ten,22,21,1,1,0
2022,Oregon,Pac-12,3,49,0,1,1
2022,Arizona,Pac-12,38,20,1,1,0
2022,Utah,Pac-12,26,29,0,1,1
2022,Louisville,ACC,7,31,0,1,1
2022,LSU,SEC,23,24,0,1,1
2022,Clemson,ACC,41,10,1,1,0
2022,Louisville,ACC,20,14,1,1,0
2022,South Carolina,SEC,30,44,0,1,1
2022,Duke,ACC,31,23,1,1,0
2022,Alabama,SEC,20,19,1,1,0
2022,Missouri,SEC,12,40,0,1,1
2022,Wake Forest,ACC,45,25,1,1,0
2022,North Carolina,ACC,35,28,1,1,0
2022,Tennessee,SEC,34,27,1,1,0
2022,Colorado,Pac-12,10,41,0,1,1
2022,Washington State,Pac-12,17,14,1,1,0
2022,Maryland,Big Ten,56,21,1,1,0
2022,Iowa State,Big 12,10,7,1,1,0
2022,Virginia,ACC,3,24,0,1,1
2022,Kansas,Big 12,55,42,1,1,0
2022,Kentucky,SEC,26,16,1,1,0
2022,Syracuse,ACC,48,14,1,1,0
2022,Arizona State,Pac-12,17,34,0,1,1
2022,USC,Pac-12,41,28,1,1,0
2022,Boston College,ACC,10,27,0,1,1
2022,Baylor,Big 12,20,26,0,1,1
2022,Oregon State,Pac-12,35,32,1,1,0
2022,Mississippi State,SEC,39,17,1,1,0
2022,Florida State,ACC,35,31,1,1,0
2022,Georgia,SEC,48,7,1,1,0
2022,Oklahoma,Big 12,49,14,1,1,0
2022,Purdue,Big Ten,29,32,0,1,1
2022,Rutgers,Big Ten,16,14,1,1,0
2022,California,Pac-12,17,24,0,1,1
2022,Penn State,Big Ten,41,12,1,1,0
2022,Colorado,Pac-12,7,49,0,1,1
2022,Vanderbilt,SEC,38,28,1,1,0
2022,Ole Miss,SEC,42,0,1,1,0
2022,Kansas,Big 12,48,30,1,1,0
2022,Mississippi State,SEC,16,31,0,1,1
2022,Texas Tech,Big 12,14,27,0,1,1
2022,Pittsburgh,ACC,34,13,1,1,0
2022,Michigan State,Big Ten,28,39,0,1,1
2022,Miami,ACC,9,17,0,1,1
2022,West Virginia,Big 12,33,10,1,1,0
2022,Virginia,ACC,20,22,0,1,1
2022,Missouri,SEC,14,17,0,1,1
2022,Maryland,Big Ten,27,34,0,1,1
2022,TCU,Big 12,42,34,1,1,0
2022,Duke,ACC,27,35,0,1,1
2022,Baylor,Big 12,31,24,1,1,0
2022,Clemson,ACC,51,45,1,1,0
2022,UCLA,Pac-12,45,17,1,1,0
2022,Minnesota,Big Ten,34,7,1,1,0
2022,Indiana,Big Ten,24,45,0,1,1
2022,Florida,SEC,33,38,0,1,1
2022,Texas,Big 12,34,37,0,1,1
2022,Oregon,Pac-12,44,41,1,1,0
2022,Georgia Tech,ACC,10,27,0,1,1
2022,Arizona,Pac-12,31,49,0,1,1
2022,Iowa,Big Ten,27,10,1,1,0
2022,Arkansas,SEC,21,23,0,1,1
2022,Wisconsin,Big Ten,21,52,0,1,1
2022,Vanderbilt,SEC,3,55,0,1,1
2022,Boston College,ACC,14,44,0,1,1
2022,Kansas State,Big 12,41,34,1,1,0
2022,USC,Pac-12,17,14,1,1,0
2022,Utah,Pac-12,34,13,1,1,0
2022,Stanford,Pac-12,22,40,0,1,1
2022,Washington,Pac-12,32,40,0,1,1
2022,Illinois,Big Ten,34,10,1,1,0
2022,Kentucky,SEC,19,22,0,1,1
2022,Louisville,ACC,33,34,0,1,1
2022,Texas Tech,Big 12,28,37,0,1,1
2022,Michigan,Big Ten,27,14,1,1,0
2022,Oklahoma,Big 12,24,55,0,1,1
2022,Purdue,Big Ten,20,10,1,1,0
2022,Oregon State,Pac-12,16,42,0,1,1
2022,Rutgers,Big Ten,10,49,0,1,1
2022,Iowa State,Big 12,11,14,0,1,1
2022,Alabama,SEC,49,26,1,1,0
2022,Michigan State,Big Ten,13,27,0,1,1
2022,Wake Forest,ACC,31,21,1,1,0
2022,Oklahoma State,Big 12,36,25,1,1,0
2022,Northwestern,Big Ten,7,17,0,1,1
2022,Virginia Tech,ACC,10,41,0,1,1
2022,Texas A&M,SEC,24,42,0,1,1
2022,California,Pac-12,9,28,0,1,1
2022,LSU,SEC,21,17,1,1,0
2022,Virginia,ACC,17,38,0,1,1
2022,Georgia,SEC,26,22,1,1,0
2022,Indiana,Big Ten,21,35,0,1,1
2022,West Virginia,Big 12,20,38,0,1,1
2022,NC State,ACC,20,30,0,1,1
2022,Georgia Tech,ACC,26,21,1,1,0
2022,Colorado,Pac-12,20,43,0,1,1
2022,Arizona State,Pac-12,25,42,0,1,1
2022,Stanford,Pac-12,27,45,0,1,1
2022,Nebraska,Big Ten,14,13,1,1,0
2022,Louisville,ACC,34,17,1,1,0
2022,Purdue,Big Ten,31,29,1,1,0
2022,Missouri,SEC,17,24,0,1,1
2022,Tennessee,SEC,40,13,1,1,0
2022,Arkansas,SEC,17,40,0,1,1
2022,Texas,Big 12,49,0,1,1,0
2022,TCU,Big 12,38,31,1,1,0
2022,Michigan,Big Ten,31,10,1,1,0
2022,Texas Tech,Big 12,31,41,0,1,1
2022,Auburn,SEC,10,42,0,1,1
2022,Utah,Pac-12,32,42,0,1,1
2022,Virginia Tech,ACC,29,45,0,1,1
2022,Wisconsin,Big Ten,42,7,1,1,0
2022,North Carolina,ACC,27,24,1,1,0
2022,Ole Miss,SEC,52,28,1,1,0
2022,Ohio State,Big Ten,49,20,1,1,0
2022,Duke,ACC,20,23,0,1,1
2022,Washington,Pac-12,38,45,0,1,1
2022,Washington State,Pac-12,14,30,0,1,1
2022,Kansas State,Big 12,10,9,1,1,0
2022,Iowa,Big Ten,6,9,0,1,1
2022,Clemson,ACC,31,3,1,1,0
2022,South Carolina,SEC,24,14,1,1,0
2022,Florida State,ACC,17,19,0,1,1
2022,Texas A&M,SEC,20,24,0,1,1
2022,Oregon,Pac-12,49,22,1,1,0
2022,Oregon State,Pac-12,28,27,1,1,0
2022,Baylor,Big 12,40,43,0,1,1
2022,Iowa State,Big 12,21,24,0,1,1
2022,Minnesota,Big Ten,14,26,0,1,1
2022,Auburn,SEC,34,48,0,1,1
2022,Penn State,Big Ten,17,41,0,1,1
2022,Kansas,Big 12,42,52,0,1,1
2022,Miami,ACC,20,14,1,1,0
2022,California,Pac-12,13,20,0,1,1
2022,Vanderbilt,SEC,0,55,0,1,1
2022,Alabama,SEC,49,52,0,1,1
2022,Arkansas,SEC,52,35,1,1,0
2022,NC State,ACC,9,24,0,1,1
2022,Oklahoma State,Big 12,40,43,0,1,1
2022,Maryland,Big Ten,38,33,1,1,0
2022,Wisconsin,Big Ten,28,34,0,1,1
2022,Arizona,Pac-12,39,49,0,1,1
2022,LSU,SEC,45,35,1,1,0
2022,Clemson,ACC,34,28,1,1,0
2022,Stanford,Pac-12,16,14,1,1,0
2022,Mississippi State,SEC,17,27,0,1,1
2022,Nebraska,Big Ten,37,43,0,1,1
2022,USC,Pac-12,42,43,0,1,1
2022,North Carolina,ACC,38,35,1,1,0
2022,Washington State,Pac-12,10,24,0,1,1
2022,Virginia,ACC,16,9,1,1,0
2022,Syracuse,ACC,21,27,0,1,1
2022,Kansas,Big 12,23,35,0,1,1
2022,Iowa,Big Ten,10,54,0,1,1
2022,Indiana,Big Ten,17,24,0,1,1
2022,Duke,ACC,45,21,1,1,0
2022,West Virginia,Big 12,10,48,0,1,1
2022,Texas,Big 12,34,41,0,1,1
2022,Ole Miss,SEC,20,45,0,1,1
2022,UCLA,Pac-12,30,45,0,1,1
2022,Northwestern,Big Ten,24,31,0,1,1
2022,Boston College,ACC,15,43,0,1,1
2022,Purdue,Big Ten,24,35,0,1,1
2022,Arizona State,Pac-12,14,15,0,1,1
2022,Vanderbilt,SEC,14,17,0,1,1
2022,Mississippi State,SEC,6,30,0,1,1
2022,Minnesota,Big Ten,17,45,0,1,1
2022,Texas A&M,SEC,24,30,0,1,1
2022,Pittsburgh,ACC,10,24,0,1,1
2022,Kansas State,Big 12,28,38,0,1,1
2022,Colorado,Pac-12,9,42,0,1,1
2022,Washington,Pac-12,28,21,1,1,0
2022,Virginia Tech,ACC,21,22,0,1,1
2022,Utah,Pac-12,21,17,1,1,0
2022,Georgia Tech,ACC,16,41,0,1,1
2022,TCU,Big 12,41,31,1,1,0
2022,Arkansas,SEC,41,27,1,1,0
2022,Boston College,ACC,3,13,0,1,1
2022,Ohio State,Big Ten,44,31,1,1,0
2022,Oklahoma,Big 12,27,13,1,1,0
2022,Miami,ACC,14,12,1,1,0
2022,Rutgers,Big Ten,0,31,0,1,1
2022,Oklahoma State,Big 12,0,48,0,1,1
2022,Illinois,Big Ten,26,9,1,1,0
2022,Florida,SEC,20,42,0,1,1
2022,Oregon,Pac-12,42,24,1,1,0
2022,Wake Forest,ACC,21,48,0,1,1
2022,Northwestern,Big Ten,13,33,0,1,1
2022,Missouri,SEC,23,10,1,1,0
2022,Kentucky,SEC,6,44,0,1,1
2022,USC,Pac-12,45,37,1,1,0
2022,Ole Miss,SEC,31,28,1,1,0
2022,Arizona State,Pac-12,42,34,1,1,0
2022,Baylor,Big 12,45,17,1,1,0
2022,Michigan State,Big Ten,7,29,0,1,1
2022,Pittsburgh,ACC,24,42,0,1,1
2022,Stanford,Pac-12,13,38,0,1,1
2022,Duke,ACC,38,31,1,1,0
2022,Oregon State,Pac-12,21,24,0,1,1
2022,North Carolina,ACC,31,28,1,1,0
2022,Iowa,Big Ten,24,3,1,1,0
2022,Ohio State,Big Ten,21,7,1,1,0
2022,Minnesota,Big Ten,20,13,1,1,0
2022,Maryland,Big Ten,10,23,0,1,1
2022,Florida,SEC,41,24,1,1,0
2022,Kentucky,SEC,21,17,1,1,0
2022,Texas Tech,Big 12,24,34,0,1,1
2022,Georgia Tech,ACC,28,27,1,1,0
2022,Baylor,Big 12,38,35,1,1,0
2022,Syracuse,ACC,9,19,0,1,1
2022,Penn State,Big Ten,45,14,1,1,0
2022,Oklahoma State,Big 12,16,37,0,1,1
2022,West Virginia,Big 12,14,31,0,1,1
2022,Washington State,Pac-12,52,14,1,1,0
2022,Oregon,Pac-12,49,10,1,1,0
2022,Tennessee,SEC,13,27,0,1,1
2022,Michigan State,Big Ten,23,15,1,1,0
2022,Texas,Big 12,34,27,1,1,0
2022,Alabama,SEC,31,32,0,1,1
2022,Florida State,ACC,45,3,1,1,0
2022,South Carolina,SEC,38,27,1,1,0
2022,Arizona,Pac-12,20,45,0,1,1
2022,Michigan,Big Ten,52,17,1,1,0
2022,Clemson,ACC,14,35,0,1,1
2022,Auburn,SEC,33,39,0,1,1
2022,Wake Forest,ACC,21,30,0,1,1
2022,California,Pac-12,35,41,0,1,1
2022,UCLA,Pac-12,50,36,1,1,0
2022,Colorado,Pac-12,17,55,0,1,1
2022,Rutgers,Big Ten,21,27,0,1,1
2022,Indiana,Big Ten,14,56,0,1,1
2022,Virginia Tech,ACC,7,24,0,1,1
2022,Purdue,Big Ten,31,24,1,1,0
2022,Missouri,SEC,24,66,0,1,1
2022,Vanderbilt,SEC,24,21,1,1,0
2022,Oklahoma,Big 12,20,23,0,1,1
2022,Pittsburgh,ACC,37,7,1,1,0
2022,LSU,SEC,13,10,1,1,0
2022,Nebraska,Big Ten,3,34,0,1,1
2022,Arizona State,Pac-12,18,28,0,1,1
2022,Alabama,SEC,30,24,1,1,0
2022,Louisville,ACC,16,31,0,1,1
2022,Maryland,Big Ten,0,30,0,1,1
2022,Northwestern,Big Ten,3,31,0,1,1
2022,Iowa State,Big 12,14,20,0,1,1
2022,Boston College,ACC,21,20,1,1,0
2022,Miami,ACC,35,14,1,1,0
2022,Wisconsin,Big Ten,10,24,0,1,1
2022,South Carolina,SEC,6,38,0,1,1
2022,Kansas,Big 12,28,43,0,1,1
2022,Kansas State,Big 12,31,3,1,1,0
2022,Washington,Pac-12,37,34,1,1,0
2022,Georgia,SEC,45,19,1,1,0
2022,North Carolina,ACC,36,34,1,1,0
2022,Texas A&M,SEC,10,13,0,1,1
2022,TCU,Big 12,17,10,1,1,0
2022,Florida State,ACC,38,3,1,1,0
2022,California,Pac-12,10,38,0,1,1
2022,Stanford,Pac-12,7,42,0,1,1
2022,Arizona,Pac-12,34,28,1,1,0
2022,Virginia Tech,ACC,23,22,1,1,0
2022,Duke,ACC,26,28,0,1,1
2022,Illinois,Big Ten,17,19,0,1,1
2022,Northwestern,Big Ten,9,17,0,1,1
2022,TCU,Big 12,29,28,1,1,0
2022,Indiana,Big Ten,39,31,1,1,0
2022,Wisconsin,Big Ten,15,14,1,1,0
2022,Florida,SEC,24,31,0,1,1
2022,Kansas State,Big 12,48,31,1,1,0
2022,Washington State,Pac-12,31,20,1,1,0
2022,Oregon State,Pac-12,31,7,1,1,0
2022,Boston College,ACC,0,44,0,1,1
2022,Ohio State,Big Ten,43,30,1,1,0
2022,Texas,Big 12,55,14,1,1,0
2022,Georgia,SEC,16,6,1,1,0
2022,Penn State,Big Ten,55,10,1,1,0
2022,Miami,ACC,10,40,0,1,1
2022,NC State,ACC,10,25,0,1,1
2022,Iowa,Big Ten,13,10,1,1,0
2022,Stanford,Pac-12,20,27,0,1,1
2022,Georgia Tech,ACC,21,17,1,1,0
2022,Tennessee,SEC,38,63,0,1,1
2022,Texas Tech,Big 12,14,10,1,1,0
2022,Ole Miss,SEC,27,42,0,1,1
2022,Oklahoma State,Big 12,13,28,0,1,1
2022,USC,Pac-12,48,45,1,1,0
2022,Syracuse,ACC,35,45,0,1,1
2022,Colorado,Pac-12,7,54,0,1,1
2022,Utah,Pac-12,17,20,0,1,1
2022,Mississippi State,SEC,24,22,1,1,0
2022,Baylor,Big 12,27,38,0,1,1
2022,Arizona State,Pac-12,35,38,0,1,1
2022,Arkansas,SEC,27,29,0,1,1
2022,NC State,ACC,30,27,1,1,0
2022,Nebraska,Big Ten,24,17,1,1,0
2022,UCLA,Pac-12,35,28,1,1,0
2022,Florida,SEC,38,45,0,1,1
2022,West Virginia,Big 12,24,19,1,1,0
2022,South Carolina,SEC,31,30,1,1,0
2022,Georgia Tech,ACC,14,37,0,1,1
2022,Rutgers,Big Ten,0,37,0,1,1
2022,Michigan,Big Ten,45,23,1,1,0
2022,Louisville,ACC,13,26,0,1,1
2022,Auburn,SEC,27,49,0,1,1
2022,Minnesota,Big Ten,23,16,1,1,0
2022,Oregon,Pac-12,34,38,0,1,1
2022,Illinois,Big Ten,41,3,1,1,0
2022,Purdue,Big Ten,30,16,1,1,0
2022,Wake Forest,ACC,31,34,0,1,1
2022,Michigan State,Big Ten,16,35,0,1,1
2022,Iowa State,Big 12,14,62,0,1,1
2022,Utah,Pac-12,63,21,1,1,0
2022,LSU,SEC,23,38,0,1,1
2022,Tennessee,SEC,56,0,1,1,0
2022,Syracuse,ACC,32,23,1,1,0
2022,Oklahoma,Big 12,48,51,0,1,1
2022,Kansas,Big 12,27,47,0,1,1
2022,Pittsburgh,ACC,42,16,1,1,0
2022,Washington,Pac-12,51,33,1,1,0
2022,Utah,Pac-12,47,24,1,1,0
2022,Kansas State,Big 12,31,28,1,1,0
2022,LSU,SEC,30,50,0,1,1
2022,Clemson,ACC,39,10,1,1,0
2022,Purdue,Big Ten,22,43,0,1,1
2023,Vanderbilt,SEC,35,28,1,1,0
2023,USC,Pac-12,56,28,1,1,0
2023,UCF,Big 12,56,6,1,1,0
2023,Wake Forest,ACC,37,17,1,1,0
2023,Missouri,SEC,35,10,1,1,0
2023,Utah,Pac-12,24,11,1,1,0
2023,Minnesota,Big Ten,13,10,1,1,0
2023,Arizona State,Pac-12,24,21,1,1,0
2023,Miami,ACC,38,3,1,1,0
2023,Michigan State,Big Ten,31,7,1,1,0
2023,Georgia Tech,ACC,34,39,0,1,1
2023,Kansas,Big 12,48,17,1,1,0
2023,Tennessee,SEC,49,13,1,1,0
2023,Iowa,Big Ten,24,14,1,1,0
2023,TCU,Big 12,42,45,0,1,1
2023,Kentucky,SEC,44,14,1,1,0
2023,Purdue,Big Ten,35,39,0,1,1
2023,Oklahoma,Big 12,73,0,1,1,0
2023,Boston College,ACC,24,27,0,1,1
2023,Michigan,Big Ten,30,3,1,1,0
2023,Ole Miss,SEC,73,7,1,1,0
2023,Iowa State,Big 12,30,9,1,1,0
2023,Oregon,Pac-12,81,7,1,1,0
2023,Auburn,SEC,59,14,1,1,0
2023,Maryland,Big Ten,38,6,1,1,0
2023,Texas,Big 12,37,10,1,1,0
2023,Washington,Pac-12,56,19,1,1,0
2023,Wisconsin,Big Ten,38,17,1,1,0
2023,Cincinnati,Big 12,66,13,1,1,0
2023,Indiana,Big Ten,3,23,0,1,1
2023,Pittsburgh,ACC,45,7,1,1,0
2023,Syracuse,ACC,65,0,1,1,0
2023,Mississippi State,SEC,48,7,1,1,0
2023,Arkansas,SEC,56,13,1,1,0
2023,Georgia,SEC,48,7,1,1,0
2023,USC,Pac-12,66,14,1,1,0
2023,Vanderbilt,SEC,47,13,1,1,0
2023,Texas A&M,SEC,52,10,1,1,0
2023,Baylor,Big 12,31,42,0,1,1
2023,Oklahoma State,Big 12,27,13,1,1,0
2023,Houston,Big 12,17,14,1,1,0
2023,Kansas State,Big 12,45,0,1,1,0
2023,Penn State,Big Ten,38,15,1,1,0
2023,Alabama,SEC,56,7,1,1,0
2023,North Carolina,ACC,31,17,1,1,0
2023,Illinois,Big Ten,30,28,1,1,0
2023,Virginia Tech,ACC,36,17,1,1,0
2023,Arizona,Pac-12,38,3,1,1,0
2023,BYU,Big 12,14,0,1,1,0
2023,UCLA,Pac-12,27,13,1,1,0
2023,Rutgers,Big Ten,24,7,1,1,0
2023,Florida State,ACC,45,24,1,1,0
2023,Duke,ACC,28,7,1,1,0
2023,Louisville,ACC,56,0,1,1,0
2023,Indiana,Big Ten,41,7,1,1,0
2023,Kansas,Big 12,34,23,1,1,0
2023,Wake Forest,ACC,36,20,1,1,0
2023,Georgia,SEC,45,3,1,1,0
2023,Ohio State,Big Ten,35,7,1,1,0
2023,Penn State,Big Ten,63,7,1,1,0
2023,Virginia Tech,ACC,17,24,0,1,1
2023,Baylor,Big 12,13,20,0,1,1
2023,NC State,ACC,24,45,0,1,1
2023,Boston College,ACC,31,28,1,1,0
2023,Virginia,ACC,35,36,0,1,1
2023,Kansas State,Big 12,42,13,1,1,0
2023,Colorado,Pac-12,36,14,1,1,0
2023,Georgia Tech,ACC,48,13,1,1,0
2023,Clemson,ACC,66,17,1,1,0
2023,BYU,Big 12,41,16,1,1,0
2023,Kentucky,SEC,28,17,1,1,0
2023,Northwestern,Big Ten,38,7,1,1,0
2023,Miami,ACC,48,33,1,1,0
2023,Iowa State,Big 12,13,20,0,1,1
2023,Syracuse,ACC,48,7,1,1,0
2023,Michigan State,Big Ten,45,14,1,1,0
2023,Michigan,Big Ten,35,7,1,1,0
2023,Arkansas,SEC,28,6,1,1,0
2023,Washington,Pac-12,43,10,1,1,0
2023,Tennessee,SEC,30,13,1,1,0
2023,North Carolina,ACC,40,34,1,1,0
2023,Oklahoma,Big 12,28,11,1,1,0
2023,West Virginia,Big 12,56,17,1,1,0
2023,Duke,ACC,42,7,1,1,0
2023,Pittsburgh,ACC,21,27,0,1,1
2023,Texas Tech,Big 12,30,38,0,1,1
2023,Alabama,SEC,24,34,0,1,1
2023,Missouri,SEC,23,19,1,1,0
2023,Florida,SEC,49,7,1,1,0
2023,Rutgers,Big Ten,36,7,1,1,0
2023,LSU,SEC,72,10,1,1,0
2023,Mississippi State,SEC,31,24,1,1,0
2023,Minnesota,Big Ten,25,6,1,1,0
2023,Washington State,Pac-12,31,22,1,1,0
2023,South Carolina,SEC,47,21,1,1,0
2023,Maryland,Big Ten,38,20,1,1,0
2023,TCU,Big 12,41,6,1,1,0
2023,Florida State,ACC,66,13,1,1,0
2023,Oregon State,Pac-12,55,7,1,1,0
2023,California,Pac-12,10,14,0,1,1
2023,Arizona State,Pac-12,15,27,0,1,1
2023,USC,Pac-12,56,10,1,1,0
2023,Miami,ACC,48,7,1,1,0
2023,Maryland,Big Ten,42,14,1,1,0
2023,Mississippi State,SEC,14,41,0,1,1
2023,Missouri,SEC,30,27,1,1,0
2023,Wisconsin,Big Ten,35,14,1,1,0
2023,Illinois,Big Ten,13,30,0,1,1
2023,Indiana,Big Ten,14,21,0,1,1
2023,Boston College,ACC,29,31,0,1,1
2023,Baylor,Big 12,30,7,1,1,0
2023,Utah,Pac-12,31,7,1,1,0
2023,NC State,ACC,45,7,1,1,0
2023,Oregon State,Pac-12,26,9,1,1,0
2023,Rutgers,Big Ten,35,16,1,1,0
2023,North Carolina,ACC,31,13,1,1,0
2023,Iowa,Big Ten,41,10,1,1,0
2023,Georgia,SEC,24,14,1,1,0
2023,Duke,ACC,38,14,1,1,0
2023,California,Pac-12,31,17,1,1,0
2023,Texas A&M,SEC,47,3,1,1,0
2023,Ohio State,Big Ten,63,10,1,1,0
2023,Michigan State,Big Ten,7,41,0,1,1
2023,Washington State,Pac-12,64,21,1,1,0
2023,UCLA,Pac-12,59,7,1,1,0
2023,UCF,Big 12,48,14,1,1,0
2023,Nebraska,Big Ten,35,11,1,1,0
2023,Cincinnati,Big 12,24,31,0,1,1
2023,Auburn,SEC,45,13,1,1,0
2023,Texas Tech,Big 12,41,3,1,1,0
2023,Florida,SEC,29,16,1,1,0
2023,Oklahoma State,Big 12,7,33,0,1,1
2023,Michigan,Big Ten,31,6,1,1,0
2023,Kentucky,SEC,35,3,1,1,0
2023,Purdue,Big Ten,20,35,0,1,1
2023,West Virginia,Big 12,17,6,1,1,0
2023,Arkansas,SEC,31,38,0,1,1
2023,Ole Miss,SEC,48,23,1,1,0
2023,Texas,Big 12,31,10,1,1,0
2023,Houston,Big 12,13,36,0,1,1
2023,Clemson,ACC,48,14,1,1,0
2023,Oregon,Pac-12,55,10,1,1,0
2023,Stanford,Pac-12,23,30,0,1,1
2023,Colorado,Pac-12,43,35,1,1,0
2023,Arizona State,Pac-12,0,29,0,1,1
2023,Arizona,Pac-12,31,10,1,1,0
2023,Purdue,Big Ten,17,38,0,1,1
2023,Virginia,ACC,21,24,0,1,1
2023,Cincinnati,Big 12,6,20,0,1,1
2023,Vanderbilt,SEC,28,45,0,1,1
2023,Clemson,ACC,24,31,0,1,1
2023,Syracuse,ACC,29,16,1,1,0
2023,Michigan,Big Ten,31,7,1,1,0
2023,TCU,Big 12,34,17,1,1,0
2023,Texas A&M,SEC,27,10,1,1,0
2023,Michigan State,Big Ten,9,31,0,1,1
2023,Louisville,ACC,56,28,1,1,0
2023,Kansas,Big 12,38,27,1,1,0
2023,Alabama,SEC,24,10,1,1,0
2023,Utah,Pac-12,14,7,1,1,0
2023,Nebraska,Big Ten,28,14,1,1,0
2023,West Virginia,Big 12,20,13,1,1,0
2023,Illinois,Big Ten,23,17,1,1,0
2023,Oregon,Pac-12,42,6,1,1,0
2023,Iowa State,Big 12,34,27,1,1,0
2023,Tennessee,SEC,45,14,1,1,0
2023,Wake Forest,ACC,16,30,0,1,1
2023,Stanford,Pac-12,20,21,0,1,1
2023,LSU,SEC,34,31,1,1,0
2023,Florida,SEC,22,7,1,1,0
2023,Washington State,Pac-12,38,35,1,1,0
2023,Houston,Big 12,38,7,1,1,0
2023,South Carolina,SEC,37,30,1,1,0
2023,Missouri,SEC,34,27,1,1,0
2023,Northwestern,Big Ten,37,34,1,1,0
2023,Georgia,SEC,49,21,1,1,0
2023,Indiana,Big Ten,29,27,1,1,0
2023,Baylor,Big 12,6,38,0,1,1
2023,Penn State,Big Ten,31,0,1,1,0
2023,Kansas State,Big 12,44,31,1,1,0
2023,Pittsburgh,ACC,24,41,0,1,1
2023,Washington,Pac-12,59,32,1,1,0
2023,Arizona State,Pac-12,28,42,0,1,1
2023,NC State,ACC,10,13,0,1,1
2023,Oregon State,Pac-12,21,7,1,1,0
2023,BYU,Big 12,35,27,1,1,0
2023,Northwestern,Big Ten,13,41,0,1,1
2023,Syracuse,ACC,14,31,0,1,1
2023,Arkansas,SEC,22,34,0,1,1
2023,Kentucky,SEC,33,14,1,1,0
2023,Minnesota,Big Ten,35,24,1,1,0
2023,Colorado,Pac-12,41,48,0,1,1
2023,Boston College,ACC,27,24,1,1,0
2023,California,Pac-12,24,21,1,1,0
2023,Georgia Tech,ACC,27,38,0,1,1
2023,Auburn,SEC,20,27,0,1,1
2023,Purdue,Big Ten,44,19,1,1,0
2023,Texas Tech,Big 12,49,28,1,1,0
2023,Nebraska,Big Ten,7,45,0,1,1
2023,UCF,Big 12,35,36,0,1,1
2023,Rutgers,Big Ten,52,3,1,1,0
2023,Texas,Big 12,40,14,1,1,0
2023,Maryland,Big Ten,44,17,1,1,0
2023,Vanderbilt,SEC,21,38,0,1,1
2023,Ole Miss,SEC,55,49,1,1,0
2023,Stanford,Pac-12,6,42,0,1,1
2023,Oklahoma,Big 12,50,20,1,1,0
2023,Iowa,Big Ten,26,16,1,1,0
2023,Tennessee,SEC,41,20,1,1,0
2023,Duke,ACC,14,21,0,1,1
2023,TCU,Big 12,21,24,0,1,1
2023,Virginia Tech,ACC,38,21,1,1,0
2023,Mississippi State,SEC,17,40,0,1,1
2023,Arizona,Pac-12,24,31,0,1,1
2023,Oklahoma State,Big 12,29,21,1,1,0
2023,Illinois,Big Ten,7,20,0,1,1
2023,Virginia,ACC,27,13,1,1,0
2023,Wisconsin,Big Ten,24,13,1,1,0
2023,Texas,Big 12,30,34,0,1,1
2023,Missouri,SEC,39,49,0,1,1
2023,Mississippi State,SEC,41,28,1,1,0
2023,Ohio State,Big Ten,37,17,1,1,0
2023,NC State,ACC,48,41,1,1,0
2023,UCLA,Pac-12,25,17,1,1,0
2023,Northwestern,Big Ten,23,20,1,1,0
2023,Texas A&M,SEC,20,26,0,1,1
2023,Florida State,ACC,39,17,1,1,0
2023,North Carolina,ACC,40,7,1,1,0
2023,Iowa,Big Ten,20,14,1,1,0
2023,Clemson,ACC,17,12,1,1,0
2023,Kansas,Big 12,51,22,1,1,0
2023,Florida,SEC,38,14,1,1,0
2023,Arizona State,Pac-12,24,27,0,1,1
2023,Georgia,SEC,51,13,1,1,0
2023,Ole Miss,SEC,27,20,1,1,0
2023,Minnesota,Big Ten,10,52,0,1,1
2023,Louisville,ACC,33,20,1,1,0
2023,Miami,ACC,20,23,0,1,1
2023,Baylor,Big 12,14,39,0,1,1
2023,Iowa State,Big 12,27,14,1,1,0
2023,California,Pac-12,40,52,0,1,1
2023,USC,Pac-12,43,41,1,1,0
2023,Houston,Big 12,41,39,1,1,0
2023,Colorado,Pac-12,43,46,0,1,1
2023,Vanderbilt,SEC,20,37,0,1,1
2023,Rutgers,Big Ten,27,24,1,1,0
2023,Michigan,Big Ten,52,7,1,1,0
2023,Florida State,ACC,41,3,1,1,0
2023,Alabama,SEC,24,21,1,1,0
2023,Cincinnati,Big 12,10,30,0,1,1
2023,Purdue,Big Ten,7,41,0,1,1
2023,Utah,Pac-12,34,14,1,1,0
2023,Washington,Pac-12,36,33,1,1,0
2023,Tennessee,SEC,20,13,1,1,0
2023,South Carolina,SEC,39,41,0,1,1
2023,Maryland,Big Ten,24,27,0,1,1
2023,Virginia Tech,ACC,30,13,1,1,0
2023,Oklahoma State,Big 12,39,32,1,1,0
2023,TCU,Big 12,44,11,1,1,0
2023,Penn State,Big Ten,63,0,1,1,0
2023,Wisconsin,Big Ten,6,15,0,1,1
2023,Pittsburgh,ACC,38,21,1,1,0
2023,Washington State,Pac-12,6,44,0,1,1
2023,LSU,SEC,48,18,1,1,0
2023,Texas Tech,Big 12,21,38,0,1,1
2023,North Carolina,ACC,41,31,1,1,0
2023,Kentucky,SEC,21,38,0,1,1
2023,Duke,ACC,24,3,1,1,0
2023,Oregon State,Pac-12,36,24,1,1,0
2023,Georgia Tech,ACC,23,38,0,1,1
2023,Oklahoma,Big 12,31,29,1,1,0
2023,Cincinnati,Big 12,29,32,0,1,1
2023,Indiana,Big Ten,14,31,0,1,1
2023,Ohio State,Big Ten,20,12,1,1,0
2023,Arkansas,SEC,3,7,0,1,1
2023,Nebraska,Big Ten,17,9,1,1,0
2023,Wake Forest,ACC,21,17,1,1,0
2023,Alabama,SEC,34,20,1,1,0
2023,Oregon,Pac-12,38,24,1,1,0
2023,Iowa,Big Ten,10,12,0,1,1
2023,West Virginia,Big 12,34,48,0,1,1
2023,Illinois,Big Ten,21,25,0,1,1
2023,Missouri,SEC,34,12,1,1,0
2023,Houston,Big 12,24,31,0,1,1
2023,North Carolina,ACC,27,31,0,1,1
2023,Kansas State,Big 12,41,3,1,1,0
2023,BYU,Big 12,27,14,1,1,0
2023,Auburn,SEC,21,28,0,1,1
2023,Michigan State,Big Ten,0,49,0,1,1
2023,Florida State,ACC,38,20,1,1,0
2023,LSU,SEC,62,0,1,1,0
2023,Miami,ACC,28,20,1,1,0
2023,USC,Pac-12,32,34,0,1,1
2023,Washington,Pac-12,15,7,1,1,0
2023,Stanford,Pac-12,7,42,0,1,1
2023,Virginia Tech,ACC,38,10,1,1,0
2023,Penn State,Big Ten,33,24,1,1,0
2023,Wake Forest,ACC,16,41,0,1,1
2023,Kansas,Big 12,38,33,1,1,0
2023,Kansas State,Big 12,41,0,1,1,0
2023,UCF,Big 12,28,41,0,1,1
2023,Boston College,ACC,21,14,1,1,0
2023,Texas A&M,SEC,30,17,1,1,0
2023,Northwestern,Big Ten,33,27,1,1,0
2023,NC State,ACC,24,17,1,1,0
2023,Utah,Pac-12,6,35,0,1,1
2023,Louisville,ACC,23,0,1,1,0
2023,Texas,Big 12,35,6,1,1,0
2023,Nebraska,Big Ten,31,14,1,1,0
2023,Minnesota,Big Ten,27,12,1,1,0
2023,Florida,SEC,20,43,0,1,1
2023,Miami,ACC,29,26,1,1,0
2023,Baylor,Big 12,18,30,0,1,1
2023,Auburn,SEC,27,13,1,1,0
2023,California,Pac-12,49,50,0,1,1
2023,Kentucky,SEC,27,33,0,1,1
2023,Stanford,Pac-12,33,42,0,1,1
2023,UCLA,Pac-12,28,16,1,1,0
2023,Wisconsin,Big Ten,10,24,0,1,1
2023,Ole Miss,SEC,33,7,1,1,0
2023,Arizona State,Pac-12,38,27,1,1,0
2023,Georgia Tech,ACC,46,42,1,1,0
2023,Oklahoma State,Big 12,45,13,1,1,0
2023,Arizona,Pac-12,27,24,1,1,0
2023,Texas Tech,Big 12,35,28,1,1,0
2023,Duke,ACC,24,21,1,1,0
2023,Syracuse,ACC,10,17,0,1,1
2023,Clemson,ACC,31,23,1,1,0
2023,Texas,Big 12,33,30,1,1,0
2023,Tennessee,SEC,59,3,1,1,0
2023,Ole Miss,SEC,38,35,1,1,0
2023,South Carolina,SEC,38,28,1,1,0
2023,Florida,SEC,36,39,0,1,1
2023,Michigan State,Big Ten,20,17,1,1,0
2023,Indiana,Big Ten,20,14,1,1,0
2023,North Carolina,ACC,59,7,1,1,0
2023,Rutgers,Big Ten,16,35,0,1,1
2023,Virginia,ACC,17,45,0,1,1
2023,Utah,Pac-12,55,3,1,1,0
2023,Northwestern,Big Ten,7,10,0,1,1
2023,Georgia,SEC,30,21,1,1,0
2023,Minnesota,Big Ten,26,27,0,1,1
2023,Maryland,Big Ten,15,51,0,1,1
2023,Cincinnati,Big 12,26,28,0,1,1
2023,Oklahoma State,Big 12,27,24,1,1,0
2023,Baylor,Big 12,24,25,0,1,1
2023,Pittsburgh,ACC,7,24,0,1,1
2023,Louisville,ACC,34,3,1,1,0
2023,Vanderbilt,SEC,15,31,0,1,1
2023,Oregon,Pac-12,63,19,1,1,0
2023,Iowa State,Big 12,21,28,0,1,1
2023,West Virginia,Big 12,37,7,1,1,0
2023,Michigan,Big Ten,41,13,1,1,0
2023,Mississippi State,SEC,3,24,0,1,1
2023,USC,Pac-12,42,52,0,1,1
2023,Alabama,SEC,42,28,1,1,0
2023,NC State,ACC,20,6,1,1,0
2023,Washington State,Pac-12,7,10,0,1,1
2023,Colorado,Pac-12,19,26,0,1,1
2023,Arizona,Pac-12,27,10,1,1,0
2023,Louisville,ACC,31,24,1,1,0
2023,Kentucky,SEC,21,49,0,1,1
2023,Kansas,Big 12,13,16,0,1,1
2023,Illinois,Big Ten,48,45,1,1,0
2023,Clemson,ACC,42,21,1,1,0
2023,Boston College,ACC,22,48,0,1,1
2023,Nebraska,Big Ten,10,13,0,1,1
2023,South Carolina,SEC,47,6,1,1,0
2023,Penn State,Big Ten,15,24,0,1,1
2023,Colorado,Pac-12,31,34,0,1,1
2023,Wake Forest,ACC,6,26,0,1,1
2023,Kansas State,Big 12,59,25,1,1,0
2023,Iowa,Big Ten,22,0,1,1,0
2023,Syracuse,ACC,28,13,1,1,0
2023,Missouri,SEC,36,7,1,1,0
2023,UCF,Big 12,45,3,1,1,0
2023,Wisconsin,Big Ten,10,24,0,1,1
2023,Purdue,Big Ten,49,30,1,1,0
2023,Florida State,ACC,27,20,1,1,0
2023,Washington,Pac-12,35,28,1,1,0
2023,California,Pac-12,42,39,1,1,0
2023,Arkansas,SEC,10,48,0,1,1
2023,Oregon State,Pac-12,62,17,1,1,0
2023,Houston,Big 12,14,24,0,1,1
2023,Georgia,SEC,52,17,1,1,0
2023,Oklahoma,Big 12,59,20,1,1,0
2023,Texas A&M,SEC,51,10,1,1,0
2023,LSU,SEC,52,35,1,1,0
2023,Ohio State,Big Ten,38,3,1,1,0
2023,TCU,Big 12,26,29,0,1,1
2023,North Carolina,ACC,47,45,1,1,0
2023,UCLA,Pac-12,7,17,0,1,1
2023,BYU,Big 12,13,45,0,1,1
2023,Oregon,Pac-12,36,27,1,1,0
2023,Pittsburgh,ACC,24,16,1,1,0
2023,Washington State,Pac-12,56,14,1,1,0
2023,Miami,ACC,31,38,0,1,1
2023,BYU,Big 12,24,31,0,1,1
2023,Northwestern,Big Ten,23,15,1,1,0
2023,Indiana,Big Ten,21,24,0,1,1
2023,Maryland,Big Ten,24,31,0,1,1
2023,Penn State,Big Ten,27,6,1,1,0
2023,Ole Miss,SEC,35,3,1,1,0
2023,Alabama,SEC,66,10,1,1,0
2023,Texas A&M,SEC,38,10,1,1,0
2023,Mississippi State,SEC,41,20,1,1,0
2023,West Virginia,Big 12,42,21,1,1,0
2023,Arizona,Pac-12,42,18,1,1,0
2023,Virginia,ACC,30,27,1,1,0
2023,Tennessee,SEC,10,38,0,1,1
2023,USC,Pac-12,20,38,0,1,1
2023,Clemson,ACC,31,20,1,1,0
2023,Virginia Tech,ACC,28,35,0,1,1
2023,TCU,Big 12,42,17,1,1,0
2023,Iowa,Big Ten,15,13,1,1,0
2023,Arizona State,Pac-12,13,49,0,1,1
2023,Auburn,SEC,10,31,0,1,1
2023,Ohio State,Big Ten,37,3,1,1,0
2023,Houston,Big 12,30,43,0,1,1
2023,Texas Tech,Big 12,24,23,1,1,0
2023,Florida State,ACC,58,13,1,1,0
2023,Stanford,Pac-12,15,27,0,1,1
2023,Kansas,Big 12,27,31,0,1,1
2023,South Carolina,SEC,17,14,1,1,0
2023,Oregon State,Pac-12,20,22,0,1,1
2023,Missouri,SEC,33,31,1,1,0
2023,Arkansas,SEC,44,20,1,1,0
2023,Wisconsin,Big Ten,24,17,1,1,0
2023,Georgia Tech,ACC,31,22,1,1,0
2023,Iowa State,Big 12,16,26,0,1,1
2023,LSU,SEC,56,14,1,1,0
2023,Mississippi State,SEC,7,17,0,1,1
2023,Oklahoma,Big 12,69,45,1,1,0
2023,Boston College,ACC,20,45,0,1,1
2023,Nebraska,Big Ten,10,13,0,1,1
2023,Arkansas,SEC,14,48,0,1,1
2023,Texas,Big 12,57,7,1,1,0
2023,Michigan State,Big Ten,0,42,0,1,1
2023,Oregon,Pac-12,31,7,1,1,0
2023,Louisville,ACC,31,38,0,1,1
2023,Duke,ACC,30,19,1,1,0
2023,Michigan,Big Ten,30,24,1,1,0
2023,Purdue,Big Ten,35,31,1,1,0
2023,LSU,SEC,42,30,1,1,0
2023,UCF,Big 12,27,13,1,1,0
2023,Syracuse,ACC,35,31,1,1,0
2023,Utah,Pac-12,23,17,1,1,0
2023,Oklahoma State,Big 12,40,34,1,1,0
2023,Arizona State,Pac-12,23,59,0,1,1
2023,Auburn,SEC,24,27,0,1,1
2023,Minnesota,Big Ten,14,28,0,1,1
2023,Virginia,ACC,17,55,0,1,1
2023,Tennessee,SEC,48,24,1,1,0
2023,Rutgers,Big Ten,24,42,0,1,1
2023,Illinois,Big Ten,43,45,0,1,1
2023,Washington,Pac-12,24,21,1,1,0
2023,Florida,SEC,15,24,0,1,1
2023,Baylor,Big 12,31,34,0,1,1
2023,Stanford,Pac-12,23,56,0,1,1
2023,Georgia Tech,ACC,23,31,0,1,1
2023,Cincinnati,Big 12,16,49,0,1,1
2023,South Carolina,SEC,7,16,0,1,1
2023,Kansas State,Big 12,35,42,0,1,1
2023,NC State,ACC,39,20,1,1,0
2023,UCLA,Pac-12,7,33,0,1,1
2023,Washington,Pac-12,34,31,1,1,0
2023,Texas,Big 12,49,21,1,1,0
2023,Alabama,SEC,27,24,1,1,0
2023,Iowa,Big Ten,0,26,0,1,1
2023,Florida State,ACC,16,6,1,1,0
2023,NC State,ACC,24,14,1,1,0
2023,Florida,SEC,11,24,0,1,1
2023,Nebraska,Big Ten,10,13,0,1,1
2023,Louisville,ACC,39,34,1,1,0
2023,Stanford,Pac-12,37,24,1,1,0
2023,Virginia,ACC,13,49,0,1,1
2023,Colorado,Pac-12,45,42,1,1,0
2023,Ohio State,Big Ten,23,3,1,1,0
2023,California,Pac-12,58,21,1,1,0
2023,Washington State,Pac-12,50,24,1,1,0
2023,West Virginia,Big 12,15,38,0,1,1
2023,Texas Tech,Big 12,33,35,0,1,1
2023,South Carolina,SEC,17,31,0,1,1
2023,Northwestern,Big Ten,7,24,0,1,1
2023,Oregon State,Pac-12,42,17,1,1,0
2023,LSU,SEC,24,45,0,1,1
2023,Clemson,ACC,7,28,0,1,1
2023,Illinois,Big Ten,23,34,0,1,1
2023,Vanderbilt,SEC,20,36,0,1,1
2023,Purdue,Big Ten,24,17,1,1,0
2023,Utah,Pac-12,20,13,1,1,0
2023,Nebraska,Big Ten,14,36,0,1,1
2023,Texas A&M,SEC,33,48,0,1,1
2023,Iowa,Big Ten,20,13,1,1,0
2023,Ole Miss,SEC,37,20,1,1,0
2023,Cincinnati,Big 12,27,21,1,1,0
2023,Houston,Big 12,41,43,0,1,1
2023,Oregon,Pac-12,38,30,1,1,0
2023,Texas,Big 12,34,24,1,1,0
2023,UCF,Big 12,18,16,1,1,0
2023,UCLA,Pac-12,35,10,1,1,0
2023,Arizona,Pac-12,24,31,0,1,1
2023,Wisconsin,Big Ten,22,31,0,1,1
2023,Auburn,SEC,14,10,1,1,0
2023,Oklahoma State,Big 12,27,15,1,1,0
2023,Stanford,Pac-12,10,56,0,1,1
2023,Virginia,ACC,14,42,0,1,1
2023,LSU,SEC,41,14,1,1,0
2023,Kansas State,Big 12,27,30,0,1,1
2023,Penn State,Big Ten,30,13,1,1,0
2023,Iowa State,Big 12,7,10,0,1,1
2023,Louisville,ACC,21,14,1,1,0
2023,Florida State,ACC,31,29,1,1,0
2023,Wake Forest,ACC,27,24,1,1,0
2023,Alabama,SEC,17,3,1,1,0
2023,Oklahoma,Big 12,66,17,1,1,0
2023,Virginia Tech,ACC,16,35,0,1,1
2023,Minnesota,Big Ten,13,31,0,1,1
2023,South Carolina,SEC,14,24,0,1,1
2023,Northwestern,Big Ten,14,38,0,1,1
2023,Washington,Pac-12,41,7,1,1,0
2023,Vanderbilt,SEC,37,40,0,1,1
2023,Tennessee,SEC,16,29,0,1,1
2023,Syracuse,ACC,35,20,1,1,0
2023,Pittsburgh,ACC,6,17,0,1,1
2023,BYU,Big 12,38,31,1,1,0
2023,Georgia Tech,ACC,23,48,0,1,1
2023,TCU,Big 12,36,13,1,1,0
2023,Kansas,Big 12,31,24,1,1,0
2023,Wisconsin,Big Ten,38,17,1,1,0
2023,NC State,ACC,24,21,1,1,0
2023,Oklahoma,Big 12,20,6,1,1,0
2023,Kentucky,SEC,45,28,1,1,0
2023,Florida State,ACC,31,24,1,1,0
2023,Virginia Tech,ACC,17,24,0,1,1
2023,Rutgers,Big Ten,7,31,0,1,1
2023,Auburn,SEC,10,27,0,1,1
2023,Maryland,Big Ten,31,9,1,1,0
2023,Boston College,ACC,28,56,0,1,1
2023,Duke,ACC,41,7,1,1,0
2023,BYU,Big 12,27,38,0,1,1
2023,Ole Miss,SEC,10,24,0,1,1
2023,UCLA,Pac-12,7,14,0,1,1
2023,Miami,ACC,41,7,1,1,0
2023,Texas Tech,Big 12,13,20,0,1,1
2023,Colorado,Pac-12,6,42,0,1,1
2023,Oklahoma State,Big 12,27,34,0,1,1
2023,Georgia Tech,ACC,30,16,1,1,0
2023,Arizona,Pac-12,21,20,1,1,0
2023,Arkansas,SEC,31,34,0,1,1
2023,Oregon State,Pac-12,35,38,0,1,1
2023,Mississippi State,SEC,30,37,0,1,1
2023,Minnesota,Big Ten,34,37,0,1,1
2023,Ohio State,Big Ten,17,14,1,1,0
2023,Texas,Big 12,38,6,1,1,0
2023,Iowa,Big Ten,0,31,0,1,1
2023,UCF,Big 12,31,44,0,1,1
2023,North Carolina,ACC,41,24,1,1,0
2023,California,Pac-12,32,59,0,1,1
2023,USC,Pac-12,42,28,1,1,0
2023,Louisville,ACC,13,10,1,1,0
2023,Utah,Pac-12,7,21,0,1,1
2023,Cincinnati,Big 12,27,35,0,1,1
2023,Penn State,Big Ten,41,13,1,1,0
2023,Clemson,ACC,31,14,1,1,0
2023,Texas A&M,SEC,34,22,1,1,0
2023,Florida,SEC,14,33,0,1,1
2023,USC,Pac-12,48,41,1,1,0
2023,Virginia,ACC,24,27,0,1,1
2023,Arizona State,Pac-12,21,24,0,1,1
2023,Georgia,SEC,27,20,1,1,0
2023,Illinois,Big Ten,19,44,0,1,1
2023,Houston,Big 12,28,49,0,1,1
2023,Michigan,Big Ten,45,7,1,1,0
2023,Baylor,Big 12,36,35,1,1,0
2023,Kansas,Big 12,14,40,0,1,1
2023,Indiana,Big Ten,17,44,0,1,1
2023,Missouri,SEC,38,21,1,1,0
2023,LSU,SEC,49,55,0,1,1
2023,Oregon,Pac-12,42,6,1,1,0
2023,Iowa State,Big 12,20,50,0,1,1
2023,Michigan State,Big Ten,16,26,0,1,1
2023,South Carolina,SEC,20,41,0,1,1
2023,West Virginia,Big 12,24,21,1,1,0
2023,Pittsburgh,ACC,21,38,0,1,1
2023,Alabama,SEC,40,17,1,1,0
2023,Washington,Pac-12,31,24,1,1,0
2023,Kansas State,Big 12,21,29,0,1,1
2023,Nebraska,Big Ten,20,7,1,1,0
2023,Rutgers,Big Ten,13,24,0,1,1
2023,Oklahoma,Big 12,34,30,1,1,0
2023,Boston College,ACC,27,24,1,1,0
2023,LSU,SEC,49,39,1,1,0
2023,Maryland,Big Ten,17,37,0,1,1
2023,Washington State,Pac-12,17,25,0,1,1
2023,Alabama,SEC,26,20,1,1,0
2023,Virginia Tech,ACC,17,39,0,1,1
2023,Syracuse,ACC,7,40,0,1,1
2023,Purdue,Big Ten,14,20,0,1,1
2023,Wake Forest,ACC,12,17,0,1,1
2023,UCF,Big 12,22,51,0,1,1
2023,Vanderbilt,SEC,14,38,0,1,1
2023,Colorado,Pac-12,27,24,1,1,0
2023,Kentucky,SEC,13,51,0,1,1
2023,Arkansas,SEC,20,27,0,1,1
2023,Michigan,Big Ten,52,10,1,1,0
2023,Georgia Tech,ACC,23,20,1,1,0
2023,Texas Tech,Big 12,39,14,1,1,0
2023,TCU,Big 12,14,27,0,1,1
2023,Oregon State,Pac-12,52,40,1,1,0
2023,Arizona,Pac-12,41,43,0,1,1
2023,West Virginia,Big 12,39,41,0,1,1
2023,Stanford,Pac-12,46,43,1,1,0
2023,Georgia,SEC,37,20,1,1,0
2023,Michigan State,Big Ten,24,27,0,1,1
2023,Indiana,Big Ten,7,52,0,1,1
2023,Syracuse,ACC,3,41,0,1,1
2023,Arkansas,SEC,21,24,0,1,1
2023,Iowa State,Big 12,30,10,1,1,0
2023,Ohio State,Big Ten,41,7,1,1,0
2023,California,Pac-12,14,34,0,1,1
2023,Oregon,Pac-12,33,36,0,1,1
2023,Texas A&M,SEC,13,20,0,1,1
2023,Florida,SEC,41,39,1,1,0
2023,Illinois,Big Ten,27,24,1,1,0
2023,Wake Forest,ACC,13,30,0,1,1
2023,Kansas,Big 12,32,39,0,1,1
2023,BYU,Big 12,11,44,0,1,1
2023,Iowa,Big Ten,15,6,1,1,0
2023,Louisville,ACC,21,38,0,1,1
2023,Arizona,Pac-12,44,6,1,1,0
2023,Auburn,SEC,18,48,0,1,1
2023,Kansas State,Big 12,38,21,1,1,0
2023,Miami,ACC,31,41,0,1,1
2023,Missouri,SEC,38,21,1,1,0
2023,USC,Pac-12,20,48,0,1,1
2023,NC State,ACC,3,24,0,1,1
2023,UCLA,Pac-12,24,36,0,1,1
2023,Boston College,ACC,38,23,1,1,0
2023,UCF,Big 12,29,31,0,1,1
2023,Baylor,Big 12,32,29,1,1,0
2023,Rutgers,Big Ten,31,14,1,1,0
2023,Penn State,Big Ten,12,20,0,1,1
2023,Mississippi State,SEC,7,3,1,1,0
2023,Northwestern,Big Ten,9,17,0,1,1
2023,Pittsburgh,ACC,17,21,0,1,1
2023,Tennessee,SEC,20,34,0,1,1
2023,Washington State,Pac-12,24,38,0,1,1
2023,Minnesota,Big Ten,12,10,1,1,0
2023,Oklahoma State,Big 12,48,34,1,1,0
2023,Wisconsin,Big Ten,25,21,1,1,0
2023,South Carolina,SEC,12,34,0,1,1
2023,Texas,Big 12,31,24,1,1,0
2023,Virginia,ACC,31,27,1,1,0
2023,TCU,Big 12,3,41,0,1,1
2023,Texas Tech,Big 12,14,27,0,1,1
2023,Ole Miss,SEC,28,21,1,1,0
2023,Michigan,Big Ten,49,0,1,1,0
2023,Duke,ACC,20,38,0,1,1
2023,Clemson,ACC,20,28,0,1,1
2023,Utah,Pac-12,34,32,1,1,0
2023,Arizona State,Pac-12,7,15,0,1,1
2023,UCLA,Pac-12,42,7,1,1,0
2023,Syracuse,ACC,10,38,0,1,1
2023,Indiana,Big Ten,24,33,0,1,1
2023,Florida State,ACC,41,16,1,1,0
2023,Oklahoma,Big 12,33,38,0,1,1
2023,Houston,Big 12,0,41,0,1,1
2023,West Virginia,Big 12,41,28,1,1,0
2023,South Carolina,SEC,17,30,0,1,1
2023,Maryland,Big Ten,27,33,0,1,1
2023,Clemson,ACC,17,24,0,1,1
2023,Oregon,Pac-12,35,6,1,1,0
2023,Duke,ACC,0,23,0,1,1
2023,BYU,Big 12,6,35,0,1,1
2023,Purdue,Big Ten,14,31,0,1,1
2023,Michigan State,Big Ten,12,27,0,1,1
2023,Georgia,SEC,43,20,1,1,0
2023,Pittsburgh,ACC,7,58,0,1,1
2023,Virginia,ACC,26,29,0,1,1
2023,Iowa State,Big 12,30,18,1,1,0
2023,Mississippi State,SEC,13,27,0,1,1
2023,USC,Pac-12,50,49,1,1,0
2023,Tennessee,SEC,33,27,1,1,0
2023,Washington,Pac-12,42,33,1,1,0
2023,Colorado,Pac-12,16,28,0,1,1
2023,Ohio State,Big Ten,24,10,1,1,0
2023,Vanderbilt,SEC,7,33,0,1,1
2023,Washington State,Pac-12,27,38,0,1,1
2023,North Carolina,ACC,42,46,0,1,1
2023,Cincinnati,Big 12,13,45,0,1,1
2023,Oregon State,Pac-12,24,27,0,1,1
2023,TCU,Big 12,28,35,0,1,1
2023,Wake Forest,ACC,21,24,0,1,1
2023,Boston College,ACC,17,10,1,1,0
2023,Kansas State,Big 12,30,33,0,1,1
2023,Texas A&M,SEC,35,38,0,1,1
2023,Arkansas,SEC,39,36,1,1,0
2023,Nebraska,Big Ten,17,20,0,1,1
2023,Wisconsin,Big Ten,14,20,0,1,1
2023,Ohio State,Big Ten,35,16,1,1,0
2023,Georgia Tech,ACC,45,17,1,1,0
2023,Arizona State,Pac-12,3,55,0,1,1
2023,Iowa,Big Ten,10,7,1,1,0
2023,Missouri,SEC,21,30,0,1,1
2023,Illinois,Big Ten,27,26,1,1,0
2023,Penn State,Big Ten,51,15,1,1,0
2023,UCF,Big 12,28,26,1,1,0
2023,Oklahoma,Big 12,24,27,0,1,1
2023,Houston,Big 12,25,24,1,1,0
2023,Florida State,ACC,24,7,1,1,0
2023,Virginia Tech,ACC,3,34,0,1,1
2023,Auburn,SEC,31,15,1,1,0
2023,California,Pac-12,19,63,0,1,1
2023,Kansas,Big 12,28,21,1,1,0
2023,BYU,Big 12,7,37,0,1,1
2023,Purdue,Big Ten,13,41,0,1,1
2023,Kentucky,SEC,24,3,1,1,0
2023,Washington,Pac-12,52,42,1,1,0
2023,LSU,SEC,28,42,0,1,1
2023,Miami,ACC,6,20,0,1,1
2023,Stanford,Pac-12,10,7,1,1,0
2023,Oregon State,Pac-12,26,19,1,1,0
2023,UCLA,Pac-12,10,27,0,1,1
2023,Virginia,ACC,24,31,0,1,1
2023,Alabama,SEC,49,21,1,1,0
2023,Texas Tech,Big 12,16,13,1,1,0
2023,Indiana,Big Ten,45,48,0,1,1
2023,Georgia Tech,ACC,21,42,0,1,1
2023,Virginia Tech,ACC,48,22,1,1,0
2023,Maryland,Big Ten,13,10,1,1,0
2023,Vanderbilt,SEC,6,47,0,1,1
2023,Michigan,Big Ten,24,15,1,1,0
2023,Arizona,Pac-12,34,31,1,1,0
2023,NC State,ACC,26,6,1,1,0
2023,Baylor,Big 12,25,59,0,1,1
2023,Rutgers,Big Ten,0,22,0,1,1
2023,Pittsburgh,ACC,13,28,0,1,1
2023,Tennessee,SEC,7,36,0,1,1
2023,Oklahoma State,Big 12,3,45,0,1,1
2023,Northwestern,Big Ten,24,10,1,1,0
2023,Minnesota,Big Ten,30,49,0,1,1
2023,Miami,ACC,20,27,0,1,1
2023,Utah,Pac-12,28,35,0,1,1
2023,Washington State,Pac-12,39,42,0,1,1
2023,Auburn,SEC,48,10,1,1,0
2023,Stanford,Pac-12,17,62,0,1,1
2023,Cincinnati,Big 12,24,14,1,1,0
2023,Ole Miss,SEC,17,52,0,1,1
2023,West Virginia,Big 12,20,59,0,1,1
2023,Mississippi State,SEC,10,51,0,1,1
2023,Florida,SEC,35,52,0,1,1
2023,Michigan State,Big Ten,3,38,0,1,1
2023,Texas,Big 12,29,26,1,1,0
2023,Duke,ACC,45,47,0,1,1
2023,Arizona State,Pac-12,17,7,1,1,0
2023,Iowa State,Big 12,45,13,1,1,0
2023,USC,Pac-12,27,36,0,1,1
2023,Boston College,ACC,16,24,0,1,1
2023,Colorado,Pac-12,14,56,0,1,1
2023,Louisville,ACC,38,31,1,1,0
2023,Oklahoma,Big 12,31,24,1,1,0
2023,Purdue,Big Ten,15,23,0,1,1
2023,Michigan State,Big Ten,24,21,1,1,0
2023,Michigan,Big Ten,31,24,1,1,0
2023,Rutgers,Big Ten,6,27,0,1,1
2023,Cincinnati,Big 12,21,42,0,1,1
2023,Utah,Pac-12,18,42,0,1,1
2023,Duke,ACC,27,30,0,1,1
2023,Georgia,SEC,38,10,1,1,0
2023,Wake Forest,ACC,7,45,0,1,1
2023,UCLA,Pac-12,38,20,1,1,0
2023,North Carolina,ACC,20,31,0,1,1
2023,NC State,ACC,35,28,1,1,0
2023,Baylor,Big 12,17,42,0,1,1
2023,Illinois,Big Ten,13,15,0,1,1
2023,Oregon,Pac-12,49,13,1,1,0
2023,Minnesota,Big Ten,3,37,0,1,1
2023,Oklahoma State,Big 12,43,30,1,1,0
2023,UCF,Big 12,23,24,0,1,1
2023,California,Pac-12,27,15,1,1,0
2023,Kansas State,Big 12,31,27,1,1,0
2023,Kentucky,SEC,14,17,0,1,1
2023,Washington,Pac-12,22,20,1,1,0
2023,Florida,SEC,31,33,0,1,1
2023,Nebraska,Big Ten,17,24,0,1,1
2023,Syracuse,ACC,22,31,0,1,1
2023,Texas,Big 12,26,16,1,1,0
2023,Ole Miss,SEC,17,7,1,1,0
2023,TCU,Big 12,45,69,0,1,1
2023,Miami,ACC,45,20,1,1,0
2023,Iowa,Big Ten,13,10,1,1,0
2023,Missouri,SEC,48,14,1,1,0
2023,Texas Tech,Big 12,7,57,0,1,1
2023,Penn State,Big Ten,42,0,1,1,0
2023,Oregon State,Pac-12,7,31,0,1,1
2023,Kentucky,SEC,38,31,1,1,0
2023,Pittsburgh,ACC,19,30,0,1,1
2023,Ohio State,Big Ten,24,30,0,1,1
2023,Indiana,Big Ten,31,35,0,1,1
2023,Texas A&M,SEC,30,42,0,1,1
2023,Houston,Big 12,13,27,0,1,1
2023,Wake Forest,ACC,31,35,0,1,1
2023,Colorado,Pac-12,17,23,0,1,1
2023,BYU,Big 12,34,40,0,1,1
2023,Arizona,Pac-12,59,23,1,1,0
2023,Alabama,SEC,27,24,1,1,0
2023,Wisconsin,Big Ten,28,14,1,1,0
2023,Virginia Tech,ACC,55,17,1,1,0
2023,Vanderbilt,SEC,24,48,0,1,1
2023,Maryland,Big Ten,42,24,1,1,0
2023,Northwestern,Big Ten,45,43,1,1,0
2023,Washington State,Pac-12,21,24,0,1,1
2023,Florida State,ACC,24,15,1,1,0
2023,West Virginia,Big 12,34,31,1,1,0
2023,Georgia,SEC,31,23,1,1,0
2023,Kansas,Big 12,49,16,1,1,0
2023,Clemson,ACC,16,7,1,1,0
2023,Iowa State,Big 12,42,35,1,1,0
2023,North Carolina,ACC,20,39,0,1,1
2023,California,Pac-12,33,7,1,1,0
2023,Oregon,Pac-12,31,34,0,1,1
2023,Oklahoma State,Big 12,21,49,0,1,1
2023,Georgia,SEC,24,27,0,1,1
2023,Michigan,Big Ten,26,0,1,1,0
2023,Louisville,ACC,6,16,0,1,1